-- phpMyAdmin SQL Dump
-- version 4.4.14
-- http://www.phpmyadmin.net
--
-- Host: localhost
-- Generation Time: Dec 19, 2019 at 03:36 
-- Server version: 5.6.26
-- PHP Version: 5.6.12

SET SQL_MODE = "NO_AUTO_VALUE_ON_ZERO";
SET time_zone = "+00:00";


/*!40101 SET @OLD_CHARACTER_SET_CLIENT=@@CHARACTER_SET_CLIENT */;
/*!40101 SET @OLD_CHARACTER_SET_RESULTS=@@CHARACTER_SET_RESULTS */;
/*!40101 SET @OLD_COLLATION_CONNECTION=@@COLLATION_CONNECTION */;
/*!40101 SET NAMES utf8mb4 */;

--
-- Database: `e-vote`
--

-- --------------------------------------------------------

--
-- Table structure for table `Sheet1`
--

CREATE TABLE IF NOT EXISTS `Sheet1` (
  `A` varchar(9) DEFAULT NULL,
  `B` varchar(27) DEFAULT NULL,
  `C` varchar(3) DEFAULT NULL,
  `D` varchar(1) DEFAULT NULL,
  `E` varchar(1) DEFAULT NULL
) ENGINE=InnoDB DEFAULT CHARSET=utf8;

--
-- Dumping data for table `Sheet1`
--

INSERT INTO `Sheet1` (`A`, `B`, `C`, `D`, `E`) VALUES
('103101TRI', 'ALIAH PUTRI', 'K13', 'X', 'Y'),
('103102NTI', 'ANASTASYA KRISTIANTI', 'K13', 'X', 'Y'),
('103103AMI', 'ANGGITA SEPTIANI PRATAMI', 'K13', 'X', 'Y'),
('103104ANI', 'ANGGUN NAJLA ARDIA CAHYANI', 'K13', 'X', 'Y'),
('103105ISA', 'ANNISA', 'K13', 'X', 'Y'),
('103106MAN', 'AROHMAN', 'K13', 'X', 'Y'),
('103107RNI', 'CANDRA RAHAYU SULISTYOWARNI', 'K13', 'X', 'Y'),
('103108ATI', 'DEVI ROHMAWATI', 'K13', 'X', 'Y'),
('103109ARI', 'DEWI NADILLAH SUNARI', 'K13', 'X', 'Y'),
('103110EAH', 'JUNEAH', 'K13', 'X', 'Y'),
('103111IAH', 'KUSNIAH', 'K13', 'X', 'Y'),
('103112ONA', 'MARHSA TANAYA SEPTIONA', 'K13', 'X', 'Y'),
('103113SYA', 'MEYLAN NATASYA', 'K13', 'X', 'Y'),
('103114LAH', 'NANDIKA NURUL FALAH', 'K13', 'X', 'Y'),
('103115ANI', 'NASIFA ARYANI', 'K13', 'X', 'Y'),
('103116IKA', 'NIRA NIKA', 'K13', 'X', 'Y'),
('103117OVI', 'NOVI', 'K13', 'X', 'Y'),
('103118DAH', 'NUR SYAMSIYYAH ZAIDAH', 'K13', 'X', 'Y'),
('103119LSA', 'NURIL ULIA SALSA', 'K13', 'X', 'Y'),
('103120ATI', 'NURUL RAHMAWATI', 'K13', 'X', 'Y'),
('103121UMA', 'NYIMAS AMALIA DWI KUSUMA', 'K13', 'X', 'Y'),
('103122ITA', 'RANNY PRAMUDITA', 'K13', 'X', 'Y'),
('103123ARI', 'REMA AYU PUSPITA SARI', 'K13', 'X', 'Y'),
('103124ANA', 'RINA FARHANA', 'K13', 'X', 'Y'),
('103125SIH', 'RINA MINTARSIH', 'K13', 'X', 'Y'),
('103126ANA', 'RINI FRANSISKA FEBRIANA', 'K13', 'X', 'Y'),
('103127ARI', 'RISMA DWIPUJI LESTARI', 'K13', 'X', 'Y'),
('103128ATI', 'ROHYATI', 'K13', 'X', 'Y'),
('103129ANI', 'SHERLI OKTAVIANI', 'K13', 'X', 'Y'),
('103130ATI', 'SILVI NUR IZZATI', 'K13', 'X', 'Y'),
('103131ISA', 'SITI KHOIRUN NISA', 'K13', 'X', 'Y'),
('103132YAH', 'SITI NAIYAH', 'K13', 'X', 'Y'),
('103133ATI', 'WINDA NOVITA RAHMAWATI', 'K13', 'X', 'Y'),
('103134ARI', 'WULAN DARI', 'K13', 'X', 'Y'),
('103135NTI', 'YANTI', 'K13', 'X', 'Y'),
('103136FIA', 'YATI EKAFIA', 'K13', 'X', 'Y');

-- --------------------------------------------------------

--
-- Table structure for table `t_admin`
--

CREATE TABLE IF NOT EXISTS `t_admin` (
  `id_admin` tinyint(1) NOT NULL,
  `username` varchar(35) NOT NULL,
  `fullname` varchar(50) NOT NULL,
  `password` varchar(255) NOT NULL
) ENGINE=InnoDB AUTO_INCREMENT=2 DEFAULT CHARSET=latin1;

--
-- Dumping data for table `t_admin`
--

INSERT INTO `t_admin` (`id_admin`, `username`, `fullname`, `password`) VALUES
(1, 'admin', 'administrator', '$2y$10$5ok3rcIOv/yNIlPIGo49a.cXRAiA5ZsnxbpijFoyy5EuuYyVrZetu');

-- --------------------------------------------------------

--
-- Table structure for table `t_kandidat`
--

CREATE TABLE IF NOT EXISTS `t_kandidat` (
  `id_kandidat` smallint(4) NOT NULL,
  `nama_calon` varchar(50) NOT NULL,
  `foto` varchar(255) NOT NULL,
  `visi` varchar(255) NOT NULL,
  `misi` varchar(255) NOT NULL,
  `suara` smallint(4) NOT NULL DEFAULT '0',
  `periode` varchar(9) NOT NULL
) ENGINE=InnoDB AUTO_INCREMENT=10 DEFAULT CHARSET=latin1;

--
-- Dumping data for table `t_kandidat`
--

INSERT INTO `t_kandidat` (`id_kandidat`, `nama_calon`, `foto`, `visi`, `misi`, `suara`, `periode`) VALUES
(4, 'Achmad Jazuli Utsman', '12814409_251522388516088_1284515540919034534_n.jpg', 'Maju bersama', 'Menghidupkan kegiatan ekstra Pramuka', 1, '2016/2017'),
(5, 'Paijo', 'emoticon-under-stress.png', 'meningkatkan ketakwaan siswa', 'menghidupkan kedisiplinan', 0, '2016/2017'),
(6, 'zulfa', 'avril-lavigne-photoshoot-42.jpg', 'smart', 'choise', 2, '2016/2017'),
(7, 'Kandidat 1', 'WhatsApp Image 2019-09-19 at 08.05.04.jpeg', 'Mewujudkan OSIS dan siswa nasional berjiwa internasional yang religius,  cerdas, mandiri dan berlandaskan taqwa sesuai dengan syariah', '- mengembangkan bakat dan potensi yang dimiliki siswa\r\n- melanjudkan program OSIS yang belum selesai di periode sebelum nya.\r\n- Mengutamakan kerjasama dan kebersamaan\r\n- Mewujudkan sekolah yang berbudaya lingkungan', 0, '2019/2020'),
(8, 'kandidat 2', 'WhatsApp Image 2019-09-19 at 07.49.38.jpeg', 'a', 'a', 0, '2019/2020'),
(9, 'kandidat 3', '0.13540000 1568874339.jpeg', 'a', 'a', 0, '2019/2020');

-- --------------------------------------------------------

--
-- Table structure for table `t_kelas`
--

CREATE TABLE IF NOT EXISTS `t_kelas` (
  `id_kelas` varchar(3) NOT NULL,
  `nama_kelas` varchar(10) NOT NULL
) ENGINE=InnoDB DEFAULT CHARSET=latin1;

--
-- Dumping data for table `t_kelas`
--

INSERT INTO `t_kelas` (`id_kelas`, `nama_kelas`) VALUES
('K01', 'X TKJ 1'),
('K02', 'X TKJ 2'),
('K03', 'XI TKJ 1'),
('K04', 'XI TKJ 2'),
('K05', 'XII TKJ 1'),
('K06', 'XII TKJ 2'),
('K07', 'X RPL 1'),
('K08', 'X RPL 2'),
('K09', 'XI RPL 1'),
('K10', 'XI RPL 2'),
('K11', 'XII RPL 1'),
('K12', 'XII RPL 2'),
('K13', 'X AK 1'),
('K14', 'X AK 2'),
('K15', 'XI AK 1'),
('K16', 'XI AK 2'),
('K17', 'XII AK 1'),
('K18', 'XII AK 2'),
('K19', 'X OTKP 1'),
('K20', 'X OTKP 2'),
('K21', 'XI OTKP 1'),
('K22', 'XI OTKP 2'),
('K23', 'XII OTKP 1'),
('K24', 'XII OTKP 2'),
('K25', 'X M 1'),
('K26', 'X M 2'),
('K27', 'X M 3'),
('K28', 'X M 4'),
('K29', 'XI M 1'),
('K30', 'XI M 2'),
('K31', 'XI M 3'),
('K32', 'XII M 1'),
('K33', 'XII M 2'),
('K34', 'XII M 3'),
('K35', 'X OTO 1'),
('K36', 'X OTO 2'),
('K37', 'XI OTO 1'),
('K38', 'XI OTO 2'),
('K39', 'XII OTO 1'),
('K40', 'XII OTO 2');

-- --------------------------------------------------------

--
-- Table structure for table `t_pemilih`
--

CREATE TABLE IF NOT EXISTS `t_pemilih` (
  `nis` varchar(10) NOT NULL,
  `periode` varchar(9) NOT NULL
) ENGINE=InnoDB DEFAULT CHARSET=latin1;

--
-- Dumping data for table `t_pemilih`
--

INSERT INTO `t_pemilih` (`nis`, `periode`) VALUES
('2155', '2016/2017');

-- --------------------------------------------------------

--
-- Table structure for table `t_user`
--

CREATE TABLE IF NOT EXISTS `t_user` (
  `id_user` varchar(10) NOT NULL,
  `fullname` varchar(50) NOT NULL,
  `id_kelas` varchar(3) NOT NULL,
  `jk` enum('L','P') NOT NULL,
  `pemilih` enum('Y','N') NOT NULL DEFAULT 'Y'
) ENGINE=InnoDB DEFAULT CHARSET=latin1;

--
-- Dumping data for table `t_user`
--

INSERT INTO `t_user` (`id_user`, `fullname`, `id_kelas`, `jk`, `pemilih`) VALUES
('101101FEI', 'AGUNG SAFEI', 'K01', '', 'Y'),
('101102YAT', 'AKHMAD FAJAR NURHIDAYAT', 'K01', '', 'Y'),
('101103NTO', 'ALDIYANTO', 'K01', '', 'Y'),
('101104YAH', 'ANDRIAN SYAH', 'K01', '', 'Y'),
('101105OSO', 'ARIF BUDI SANTOSO', 'K01', '', 'Y'),
('101106ILA', 'BERLIANA CINDY SALSABILA', 'K01', '', 'Y'),
('101107LAH', 'BIMATULLAH', 'K01', '', 'Y'),
('101108ANA', 'DEA SULISTIA SOFYANA', 'K01', '', 'Y'),
('101109YAH', 'DIFA FERDIANSYAH', 'K01', '', 'Y'),
('101110ANA', 'DIMAS MAULANA', 'K01', '', 'Y'),
('101111KTI', 'DONA MUKTI', 'K01', '', 'Y'),
('101112NDY', 'EKO DWI SANDY', 'K01', '', 'Y'),
('101113ARI', 'FARIHAL AZHARI', 'K01', '', 'Y'),
('101114TNA', 'HASAN SUPRIYATNA', 'K01', '', 'Y'),
('101115DRI', 'HENDRI', 'K01', '', 'Y'),
('101116SAH', 'HERU FERDIYANSAH', 'K01', '', 'Y'),
('101117IEF', 'HILAL ALLATIEF', 'K01', '', 'Y'),
('101118RUM', 'KAYLA SEKAR NINGRUM', 'K01', '', 'Y'),
('101119DOH', 'MAHFUDOH', 'K01', '', 'Y'),
('101120NDA', 'MARCHENDHA DEYA AMANDA', 'K01', '', 'Y'),
('101121KHI', 'MOHAMAD RIDHO MUZAKHI', 'K01', '', 'Y'),
('101122NDI', 'MUCHAMAD ALFIANDI', 'K01', '', 'Y'),
('101123AIZ', 'MUHAMAD AL FAIZ', 'K01', '', 'Y'),
('101124IZI', 'MUHAMMAD AZIZ ALFARIZI', 'K01', '', 'Y'),
('101125HAN', 'MUHAMMAD BAGUS RAMADHAN', 'K01', '', 'Y'),
('101126WAN', 'MUHAMMAD DIAZ SETIAWAN', 'K01', '', 'Y'),
('101127LIA', 'MUHAMMAD IQBAL AULIA', 'K01', '', 'Y'),
('101128TRA', 'PARDIYANTO SAPUTRA', 'K01', '', 'Y'),
('101129JUL', 'RADEN ADIAT YUSLI KHOJUL', 'K01', '', 'Y'),
('101130ITU', 'RENDI RUBENTUA SARAGI NAPITU', 'K01', '', 'Y'),
('101131UDA', 'RIVALDI YUDA', 'K01', '', 'Y'),
('101132FIN', 'SAPRUDIN ARIFIN', 'K01', '', 'Y'),
('101133TIA', 'SINTIA', 'K01', '', 'Y'),
('101134NAH', 'SUTINAH', 'K01', '', 'Y'),
('101135JAL', 'SYAMSUL RIJAL', 'K01', '', 'Y'),
('101136RIO', 'YONIF FADWI SATRIO', 'K01', '', 'Y'),
('101201ITA', 'ADELIA DARA PUSPITA', 'K02', '', 'Y'),
('101202ANI', 'AGISTI KHOLISTASYANI', 'K02', '', 'Y'),
('101203LIA', 'AMELIA', 'K02', '', 'Y'),
('101204YOR', 'ANBROSIUS ALEX MAYOR', 'K02', '', 'Y'),
('101205ASA', 'ANTASA', 'K02', '', 'Y'),
('101206ANA', 'BAGUS APRIANDANA', 'K02', '', 'Y'),
('101207NAH', 'BAYINAH', 'K02', '', 'Y'),
('101208NNA', 'BIMA DWI SENNA', 'K02', '', 'Y'),
('101209ATI', 'DANANG KUSUMO JATI', 'K02', '', 'Y'),
('101210IKA', 'DENDY DIMAS SANJIKA', 'K02', '', 'Y'),
('101211ANI', 'DIMAS PERMADANI', 'K02', '', 'Y'),
('101212RLY', 'DODY DARLY', 'K02', '', 'Y'),
('101213NAH', 'EKA SEPTIANAH', 'K02', '', 'Y'),
('101214TRA', 'ENDI SAPUTRA', 'K02', '', 'Y'),
('101215TRI', 'ERNA SAFITRI', 'K02', '', 'Y'),
('101216ROH', 'FIRA NURFATIROH', 'K02', '', 'Y'),
('101217NDA', 'ISMA AMANDA', 'K02', '', 'Y'),
('101218HAD', 'JIHAD', 'K02', '', 'Y'),
('101219NTA', 'MAULANA FAISAL ANANTA', 'K02', '', 'Y'),
('101220IWI', 'MAYA AYU PRATIWI', 'K02', '', 'Y'),
('101221SAH', 'MUHAMAD ALDIPASAH', 'K02', '', 'Y'),
('101222HIM', 'MUHAMAD IBROHIM', 'K02', '', 'Y'),
('101223VEL', 'MUHAMAD NUVEL', 'K02', '', 'Y'),
('101224YAH', 'MUHAMMAD WAHYU FIRMANSYAH', 'K02', '', 'Y'),
('101225ANA', 'NITA LISTIYANA', 'K02', '', 'Y'),
('101226HAH', 'NUFLIKHAH', 'K02', '', 'Y'),
('101227ANA', 'NUR ANISA PENTIYANA', 'K02', '', 'Y'),
('101228FAH', 'NURAENI LATIFAH', 'K02', '', 'Y'),
('101229IAH', 'NURSIAH', 'K02', '', 'Y'),
('101230YAT', 'RAGEIS AL.AZIS HIDAYAT', 'K02', '', 'Y'),
('101231NTI', 'RAHMA PUTRI NOVIYANTI', 'K02', '', 'Y'),
('101232NDI', 'RENDI SUPANDI', 'K02', '', 'Y'),
('101233MAM', 'ROFIQUL UMAM', 'K02', '', 'Y'),
('101234DAH', 'ROSIDAH', 'K02', '', 'Y'),
('101235JAR', 'SUNANJAR', 'K02', '', 'Y'),
('101236RIP', 'SURIP', 'K02', '', 'Y'),
('101237SKA', 'VITA MERYSKA', 'K02', '', 'Y'),
('102101NTI', 'ALVINA DAMAYANTI', 'K07', '', 'Y'),
('102102NAH', 'ANAH', 'K07', '', 'Y'),
('102103OKA', 'DIAN PITALOKA', 'K07', '', 'Y'),
('102104SIH', 'DINI KURNIASIH', 'K07', '', 'Y'),
('102105ETA', 'DIZZO VIOLETA', 'K07', '', 'Y'),
('102106ANI', 'EKA ASRIYANTI MAHARANI', 'K07', '', 'Y'),
('102107ONI', 'ERNI ROMADHONI', 'K07', '', 'Y'),
('102108YAH', 'FARHATIYAH', 'K07', '', 'Y'),
('102109ARI', 'HANA KARTIKASARI', 'K07', '', 'Y'),
('102110IAH', 'ICA TUTI ALAWIAH', 'K07', '', 'Y'),
('102111AYU', 'INDAH RAHAYU', 'K07', '', 'Y'),
('102112ILA', 'INTAN KAMILA', 'K07', '', 'Y'),
('102113YAH', 'JUJU JUHARIYAH', 'K07', '', 'Y'),
('102114LAH', 'KHUSNUL FADHILAH', 'K07', '', 'Y'),
('102115ANI', 'LATIFAH NUR FEBRIANI', 'K07', '', 'Y'),
('102116ATI', 'LUSILAWATI', 'K07', '', 'Y'),
('102117LAH', 'MIKLAH', 'K07', '', 'Y'),
('102118A`I', 'MUHAMAD INDRA RIFA`I', 'K07', '', 'Y'),
('102119LAH', 'MUHAMMAD IQBAL FADILLAH', 'K07', '', 'Y'),
('102120LIK', 'MUJIJAT MAULANA MALIK', 'K07', '', 'Y'),
('102121JWA', 'PUPUT NAJWA', 'K07', '', 'Y'),
('102122DAH', 'RODAH', 'K07', '', 'Y'),
('102123WAN', 'ROJAK KURNIAWAN', 'K07', '', 'Y'),
('102124LIA', 'SELA BELIA', 'K07', '', 'Y'),
('102125JAH', 'SITI KHODIJAH', 'K07', '', 'Y'),
('102126YAH', 'SITI MASTIYAH', 'K07', '', 'Y'),
('102127NAH', 'SITI MULYANAH', 'K07', '', 'Y'),
('102128AYU', 'SRI RAHAYU', 'K07', '', 'Y'),
('102129NTI', 'SRI SUSANTI', 'K07', '', 'Y'),
('102130ATI', 'SUMYATI', 'K07', '', 'Y'),
('102131LIN', 'TIARA PUTRI ANGELIN', 'K07', '', 'Y'),
('102132LIA', 'WANTI AMELIA', 'K07', '', 'Y'),
('102133STI', 'WASTI', 'K07', '', 'Y'),
('102134LIA', 'YASMINATI JULIA', 'K07', '', 'Y'),
('102135YAH', 'YAYAH', 'K07', '', 'Y'),
('102136NDA', 'YOLANDA', 'K07', '', 'Y'),
('102201NTI', 'ABYAN FARHAN MUHAMMAD', 'K08', '', 'Y'),
('102202NAH', 'AINUN HIDAH', 'K08', '', 'Y'),
('102203OKA', 'ALFIN ILHAM ARIFULLAH', 'K08', '', 'Y'),
('102204SIH', 'ANITA', 'K08', '', 'Y'),
('102205ETA', 'ENAH', 'K08', '', 'Y'),
('102206ANI', 'ERNI RAMADHANI', 'K08', '', 'Y'),
('102207ONI', 'EVA FARIDA', 'K08', '', 'Y'),
('102208YAH', 'FEBY AYU', 'K08', '', 'Y'),
('102209ARI', 'HINDUN YUNENGSIH', 'K08', '', 'Y'),
('102210IAH', 'ISLAHUDIN', 'K08', '', 'Y'),
('102211AYU', 'JUNI ZAHRA TUSSITA', 'K08', '', 'Y'),
('102212ILA', 'KAMAH', 'K08', '', 'Y'),
('102213YAH', 'MAYA SURNATI', 'K08', '', 'Y'),
('102214LAH', 'MIRA', 'K08', '', 'Y'),
('102215ANI', 'MIRANDA FITRIYANI', 'K08', '', 'Y'),
('102216ATI', 'MUHAMAD GEMA SATRIA', 'K08', '', 'Y'),
('102217LAH', 'NENI AMELANI', 'K08', '', 'Y'),
('102218A`I', 'NOVIANTI DWI WARDANI', 'K08', '', 'Y'),
('102219LAH', 'NUR CAHYANI PUTRI', 'K08', '', 'Y'),
('102220LIK', 'NURHAYATI', 'K08', '', 'Y'),
('102221JWA', 'OFY SANOFY', 'K08', '', 'Y'),
('102222DAH', 'PADILAH', 'K08', '', 'Y'),
('102223WAN', 'PUJATUL AWALIYAH', 'K08', '', 'Y'),
('102224LIA', 'RIANA SELVIAH', 'K08', '', 'Y'),
('102225JAH', 'RISKA FEBRIYANTI', 'K08', '', 'Y'),
('102226YAH', 'SANIAH', 'K08', '', 'Y'),
('102227NAH', 'SERA YULIYANA', 'K08', '', 'Y'),
('102228AYU', 'SINTA', 'K08', '', 'Y'),
('102229NTI', 'SITA NUROHMAH', 'K08', '', 'Y'),
('102230ATI', 'SITI ALMASIYAH', 'K08', '', 'Y'),
('102231LIN', 'SITI ATIK ROKMANIA', 'K08', '', 'Y'),
('102232LIA', 'SITI MARNAH', 'K08', '', 'Y'),
('102233STI', 'SITI SARMINAH', 'K08', '', 'Y'),
('102234LIA', 'SRI WAHYUNI', 'K08', '', 'Y'),
('102235YAH', 'SUJANAH APRILIANI', 'K08', '', 'Y'),
('102236NDA', 'SULISMAWATI', 'K08', '', 'Y'),
('103101TRI', 'ALIAH PUTRI', 'K13', '', 'Y'),
('103102NTI', 'ANASTASYA KRISTIANTI', 'K13', '', 'Y'),
('103103AMI', 'ANGGITA SEPTIANI PRATAMI', 'K13', '', 'Y'),
('103104ANI', 'ANGGUN NAJLA ARDIA CAHYANI', 'K13', '', 'Y'),
('103105ISA', 'ANNISA', 'K13', '', 'Y'),
('103106MAN', 'AROHMAN', 'K13', '', 'Y'),
('103107RNI', 'CANDRA RAHAYU SULISTYOWARNI', 'K13', '', 'Y'),
('103108ATI', 'DEVI ROHMAWATI', 'K13', '', 'Y'),
('103109ARI', 'DEWI NADILLAH SUNARI', 'K13', '', 'Y'),
('103110EAH', 'JUNEAH', 'K13', '', 'Y'),
('103111IAH', 'KUSNIAH', 'K13', '', 'Y'),
('103112ONA', 'MARHSA TANAYA SEPTIONA', 'K13', '', 'Y'),
('103113SYA', 'MEYLAN NATASYA', 'K13', '', 'Y'),
('103114LAH', 'NANDIKA NURUL FALAH', 'K13', '', 'Y'),
('103115ANI', 'NASIFA ARYANI', 'K13', '', 'Y'),
('103116IKA', 'NIRA NIKA', 'K13', '', 'Y'),
('103117OVI', 'NOVI', 'K13', '', 'Y'),
('103118DAH', 'NUR SYAMSIYYAH ZAIDAH', 'K13', '', 'Y'),
('103119LSA', 'NURIL ULIA SALSA', 'K13', '', 'Y'),
('103120ATI', 'NURUL RAHMAWATI', 'K13', '', 'Y'),
('103121UMA', 'NYIMAS AMALIA DWI KUSUMA', 'K13', '', 'Y'),
('103122ITA', 'RANNY PRAMUDITA', 'K13', '', 'Y'),
('103123ARI', 'REMA AYU PUSPITA SARI', 'K13', '', 'Y'),
('103124ANA', 'RINA FARHANA', 'K13', '', 'Y'),
('103125SIH', 'RINA MINTARSIH', 'K13', '', 'Y'),
('103126ANA', 'RINI FRANSISKA FEBRIANA', 'K13', '', 'Y'),
('103127ARI', 'RISMA DWIPUJI LESTARI', 'K13', '', 'Y'),
('103128ATI', 'ROHYATI', 'K13', '', 'Y'),
('103129ANI', 'SHERLI OKTAVIANI', 'K13', '', 'Y'),
('103130ATI', 'SILVI NUR IZZATI', 'K13', '', 'Y'),
('103131ISA', 'SITI KHOIRUN NISA', 'K13', '', 'Y'),
('103132YAH', 'SITI NAIYAH', 'K13', '', 'Y'),
('103133ATI', 'WINDA NOVITA RAHMAWATI', 'K13', '', 'Y'),
('103134ARI', 'WULAN DARI', 'K13', '', 'Y'),
('103135NTI', 'YANTI', 'K13', '', 'Y'),
('103136FIA', 'YATI EKAFIA', 'K13', '', 'Y'),
('103201FAH', 'AFIFAH', 'K14', '', 'Y'),
('103202ITA', 'ALIMA RUSFITA', 'K14', '', 'Y'),
('103203ISA', 'ANISA', 'K14', '', 'Y'),
('103204ATI', 'ASNAWATI', 'K14', '', 'Y'),
('103205INA', 'AWANDA YULINA', 'K14', '', 'Y'),
('103206ARI', 'DELA PUSPITA SARI', 'K14', '', 'Y'),
('103207ARI', 'DIAN NOVITA SARI', 'K14', '', 'Y'),
('103208LAH', 'DILAH', 'K14', '', 'Y'),
('103209NTA', 'DINDA FITRIA SINTA', 'K14', '', 'Y'),
('103210IAH', 'DIYAH ALFAUZIAH', 'K14', '', 'Y'),
('103211RYA', 'GALUH MEILINDA SURYA', 'K14', '', 'Y'),
('103212ROH', 'IROH', 'K14', '', 'Y'),
('103213IAH', 'KAMALIAH', 'K14', '', 'Y'),
('103214ATI', 'LARASATI', 'K14', '', 'Y'),
('103215FAH', 'LATIFAH', 'K14', '', 'Y'),
('103216ETI', 'LORA II NURBAETI', 'K14', '', 'Y'),
('103217TOH', 'MASITOH', 'K14', '', 'Y'),
('103218ITA', 'MITA', 'K14', '', 'Y'),
('103219ANI', 'NADIA TRI PUTRI KUSUMA WARDANI', 'K14', '', 'Y'),
('103220NIA', 'NIA', 'K14', '', 'Y'),
('103221TRI', 'NOVA ARIS SFITRI', 'K14', '', 'Y'),
('103222ROH', 'NURUL HUMAEROH', 'K14', '', 'Y'),
('103223ILA', 'PUTRI NABILA', 'K14', '', 'Y'),
('103224BAN', 'RISKA WINDA THERESIA SILABAN', 'K14', '', 'Y'),
('103225AAH', 'SAAH', 'K14', '', 'Y'),
('103226NAH', 'SAFTUNAH', 'K14', '', 'Y'),
('103227ANI', 'SALSA OKTAVIANI', 'K14', '', 'Y'),
('103228NAH', 'SANAH', 'K14', '', 'Y'),
('103229NAH', 'SAUMI NURHASANAH', 'K14', '', 'Y'),
('103230NTY', 'SINDY NOVIANTY', 'K14', '', 'Y'),
('103231YUN', 'SISKA HASANATULUYUN', 'K14', '', 'Y'),
('103232NAH', 'SITI ASMUNAH', 'K14', '', 'Y'),
('103233SAH', 'SITI NURAISAH', 'K14', '', 'Y'),
('103234NAH', 'SUKINAH', 'K14', '', 'Y'),
('103235IWI', 'YULIA PRASTIWI', 'K14', '', 'Y'),
('103236ENI', 'ZIMA WAHYU NUGRAHENI', 'K14', '', 'Y'),
('103237AUW', 'RIZKI LATURAUW', 'K14', '', 'Y'),
('104101IYA', 'ADE RICHMA NURBELLA AWALIYA', 'K19', '', 'Y'),
('104102PAD', 'ADINDA PUTRI JAPAD', 'K19', '', 'Y'),
('104103INI', 'AIDA MUJIWAHYU ANGGRAINI', 'K19', '', 'Y'),
('104104IAH', 'ALFIAH', 'K19', '', 'Y'),
('104105IAN', 'ANDRIAN', 'K19', '', 'Y'),
('104106RNI', 'ANIKE RUTMERNI', 'K19', '', 'Y'),
('104107IAH', 'ARIAH', 'K19', '', 'Y'),
('104108NAH', 'BAYINAH', 'K19', '', 'Y'),
('104109TRI', 'DEFI SAPITRI', 'K19', '', 'Y'),
('104110ARY', 'DESTYANI ANGELIASARY', 'K19', '', 'Y'),
('104111UTI', 'DEWI SRI ASTUTI', 'K19', '', 'Y'),
('104112NTI', 'ETI PRIYANTI', 'K19', '', 'Y'),
('104113OLI', 'FARHAN FADHOLI', 'K19', '', 'Y'),
('104114PUS', 'HAYATI NUPUS', 'K19', '', 'Y'),
('104115IKA', 'INTAN AYU RAFIKA', 'K19', '', 'Y'),
('104116DAH', 'JUBEDAH', 'K19', '', 'Y'),
('104117ANA', 'KHARISMA YOGI NOVIANA', 'K20', '', 'Y'),
('104118SIH', 'LIA RAHAYU NINGSIH', 'K19', '', 'Y'),
('104119NAH', 'MAMARUKMANAH', 'K19', '', 'Y'),
('104120ATI', 'MESANI SETIA WATI', 'K19', '', 'Y'),
('104121IMI', 'MUHAMMAD TAMIMI', 'K19', '', 'Y'),
('104122TRI', 'NABILA DHIANA PUTRI', 'K19', '', 'Y'),
('104123ATI', 'PRISKANIA WIDYA KUSUMAWATI', 'K19', '', 'Y'),
('104124AYU', 'RAHAYU', 'K19', '', 'Y'),
('104125INI', 'RINI', 'K19', '', 'Y'),
('104126ROH', 'SAYAROH', 'K19', '', 'Y'),
('104127LIA', 'SISKA AMELIA', 'K19', '', 'Y'),
('104128ANI', 'SITI LEDIA ASTRI YANI', 'K19', '', 'Y'),
('104129HAT', 'SITI SUTIHAT', 'K19', '', 'Y'),
('104130NAH', 'SUCIYATI HASANAH', 'K19', '', 'Y'),
('104131ATI', 'SUENAH WATI', 'K19', '', 'Y'),
('104132ATI', 'SULIS NAWATI', 'K19', '', 'Y'),
('104133HAT', 'SUTIHAT', 'K19', '', 'Y'),
('104134NTI', 'TIARA AFRIYANTI', 'K19', '', 'Y'),
('104135ARI', 'WANDA KOMALA SARI', 'K19', '', 'Y'),
('104136ENI', 'WENI SUHENI', 'K19', '', 'Y'),
('104137SIH', 'WINENGSIH', 'K19', '', 'Y'),
('104138WAY', 'YUDI LAWAY', 'K19', '', 'Y'),
('104201ANI', 'AISAH RAHMAYANI', 'K20', '', 'Y'),
('104202ARI', 'AMANDA PRISILIA NURMALITA SARI', 'K20', '', 'Y'),
('104203ANI', 'AMELIA NUCAHYANI', 'K20', '', 'Y'),
('104205ANI', 'ANISYA PUTRI MEILANI', 'K20', '', 'Y'),
('104206ANI', 'ANNISA DESTA MAHARANI', 'K20', '', 'Y'),
('104207ANI', 'ARDIYAH AGUSTIANI', 'K20', '', 'Y'),
('104208VIA', 'BELLA KARTIKA OKTAVIA', 'K20', '', 'Y'),
('104209WAN', 'CARROLIN REZA ARTA SETIAWAN', 'K20', '', 'Y'),
('104210ATI', 'DEWI NUR SUSILAWATI', 'K20', '', 'Y'),
('104211IAH', 'DEWI NURASIAH', 'K20', '', 'Y'),
('104212ARI', 'ELISABET YULIA LESTARI', 'K20', '', 'Y'),
('104213NTI', 'ENENG PUJIANTI', 'K20', '', 'Y'),
('104214ANI', 'ERLINDA FITRI HANDHAYANI', 'K20', '', 'Y'),
('104215TRI', 'ERNI SAPITRI', 'K20', '', 'Y'),
('104216NAH', 'FUTIKHATUL JANAH', 'K20', '', 'Y'),
('104217ANI', 'INTAN MAHARANI', 'K20', '', 'Y'),
('104218ILA', 'KAMILIA SALMA SALSABILA', 'K20', '', 'Y'),
('104219ANA', 'KHARISMA YOGI NOVIANA', 'K20', '', 'Y'),
('104220ATI', 'LAILA HIDAYATI', 'K20', '', 'Y'),
('104221NTA', 'MELA SINTA', 'K20', '', 'Y'),
('104222ARI', 'MELDA AYU LESTARI', 'K20', '', 'Y'),
('104223NAH', 'MUTMAINNAH', 'K20', '', 'Y'),
('104224ANA', 'NANDITA RISTIANA', 'K20', '', 'Y'),
('104225ANA', 'NENG IDA SEPTIANA', 'K20', '', 'Y'),
('104226LAH', 'NIKI NUR FADILAH', 'K20', '', 'Y'),
('104227NTI', 'NINA TUTI FERIYANTI', 'K20', '', 'Y'),
('104228DAH', 'NISA NURUL FUADAH', 'K20', '', 'Y'),
('104229ITA', 'RONITA', 'K20', '', 'Y'),
('104230INI', 'SAHRINI', 'K20', '', 'Y'),
('104231ISA', 'SIFA KHOIRUN NISA', 'K20', '', 'Y'),
('104232YAH', 'SITI KHOIRIYAH', 'K20', '', 'Y'),
('104233ARI', 'SUNARI', 'K20', '', 'Y'),
('104234ANI', 'TIARA MAYLIANI', 'K20', '', 'Y'),
('104235ANI', 'WATI INDRIYANI', 'K20', '', 'Y'),
('104236ATI', 'YATI JULYATI', 'K20', '', 'Y'),
('105101JAH', 'AJIJAH', 'K25', '', 'Y'),
('105102ANI', 'ALFAJRI RAMDHANI', 'K25', '', 'Y'),
('105103YAD', 'ALVIN RIYAD', 'K25', '', 'Y'),
('105104UDI', 'ARSUDI', 'K25', '', 'Y'),
('105105TIN', 'ESSYA MEILINDA PUTRI HANTIN', 'K25', '', 'Y'),
('105106KOE', 'FAKHRI MAYSATURA LELAKIKOE', 'K25', '', 'Y'),
('105107JDI', 'FARID WAJDI', 'K25', '', 'Y'),
('105108NDA', 'HARSENNIRGI ARMANDA', 'K25', '', 'Y'),
('105109NDI', 'IDRIS LESANDI', 'K25', '', 'Y'),
('105110AMA', 'ILHAM PRATAMA', 'K25', '', 'Y'),
('105111NDI', 'IQBAL ARIA NUR SANDI', 'K25', '', 'Y'),
('105112ENI', 'KUMAENI', 'K25', '', 'Y'),
('105113SUP', 'MUHAMAD ABI YUSUP', 'K25', '', 'Y'),
('105114MAT', 'MUHAMAD ALIF RACHMAT', 'K25', '', 'Y'),
('105115LAH', 'MUHAMAD FAJRI HIDAYATULLAH', 'K25', '', 'Y'),
('105116ANG', 'MUHAMAD FAQIH MASKUMAMBANG', 'K25', '', 'Y'),
('105117ADI', 'MUHAMAD HADI', 'K25', '', 'Y'),
('105118ANE', 'MUHAMAD RIFQI ZIDANE', 'K25', '', 'Y'),
('105119EZA', 'MUHAMMAD IBNU FAHREZA', 'K25', '', 'Y'),
('105120YAH', 'MUHAMMAD KHALIF FIRMANSYAH', 'K25', '', 'Y'),
('105121ZAL', 'MUHAMMAD REZAL', 'K25', '', 'Y'),
('105122DAR', 'MUHAMMAD ROBY ISKANDAR', 'K25', '', 'Y'),
('105123DIN', 'MUHAMMAD WAHYUDIN', 'K25', '', 'Y'),
('105124NIS', 'MULTIA DANIS', 'K25', '', 'Y'),
('105125LAH', 'RIKI HIDAYATULLAH', 'K25', '', 'Y'),
('105126MUD', 'RIKI MAHMUD', 'K25', '', 'Y'),
('105127YAT', 'RIYAN NURHIDAYAT', 'K25', '', 'Y'),
('105128OIS', 'ROIS', 'K25', '', 'Y'),
('105129AMY', 'RONALDIO FERNANDO ASTAMY', 'K25', '', 'Y'),
('105130LAH', 'SARIF HIDAYATTULLAH', 'K25', '', 'Y'),
('105131ARI', 'SRI WULANDARI', 'K25', '', 'Y'),
('105132ANA', 'TUBAGUS MUKHLIS MAULANA', 'K25', '', 'Y'),
('105133DIN', 'WAHYUDIN', 'K25', '', 'Y'),
('105134SUF', 'YUSHADI YUSUF', 'K25', '', 'Y'),
('105135AMA', 'ZAKY CHANDRA PURNAMA', 'K25', '', 'Y'),
('105136RAH', 'ZAMI ZIDANE ANUGRAH', 'K25', '', 'Y'),
('105201NTO', 'BAKHTIAR EKA RIYANTO', 'K26', '', 'Y'),
('105202HAN', 'CATUR BANI RAMADHAN', 'K26', '', 'Y'),
('105203ATI', 'DESI MULYAWATI', 'K26', '', 'Y'),
('105204WAN', 'DEVI IRAWAN', 'K26', '', 'Y'),
('105205TRA', 'DIMAS SAPUTRA', 'K26', '', 'Y'),
('105206HAQ', 'EMIRUL HAQ', 'K26', '', 'Y'),
('105207YAH', 'FAHREZA FIRMANSYAH', 'K26', '', 'Y'),
('105208MAN', 'FATHUR RAHMAN', 'K26', '', 'Y'),
('105209HAN', 'FATUR RAHMAT RAMADHAN', 'K26', '', 'Y'),
('105210LAH', 'HADI HIDAYATULLAH', 'K26', '', 'Y'),
('105211AIZ', 'HAENRY FAISAL FAIZ', 'K26', '', 'Y'),
('105212WAN', 'KIKO FAJAR SETIAWAN', 'K26', '', 'Y'),
('105213DID', 'LASKAR AMRIS MUJADDID', 'K26', '', 'Y'),
('105214NDI', 'MARIO RAHENDI', 'K26', '', 'Y'),
('105215SAH', 'MUHAMAD ALIF MAULANA ARDIYANSAH', 'K26', '', 'Y'),
('105216A''I', 'MUHAMAD ANDRE RIFA''I', 'K26', '', 'Y'),
('105217DIN', 'MUHAMAD BASORI SOLEHUDIN', 'K26', '', 'Y'),
('105218TFI', 'MUHAMAD LUTFI', 'K26', '', 'Y'),
('105219LOH', 'MUHAMAD TEGUH HIDAYATULLOH', 'K26', '', 'Y'),
('105220DIO', 'MUHAMMAD KEVIN ALDIO', 'K26', '', 'Y'),
('105221ANI', 'NANI', 'K26', '', 'Y'),
('105222MAD', 'RAHMAD', 'K26', '', 'Y'),
('105223HAN', 'RAMADHAN', 'K26', '', 'Y'),
('105224WAN', 'RENDI SETIAWAN', 'K26', '', 'Y'),
('105225WAN', 'RIDHO DARMAWAN', 'K26', '', 'Y'),
('105226ANA', 'RIFQI IMAN MAULANA', 'K26', '', 'Y'),
('105227RBA', 'ROBBIKA ADENAN IRBA', 'K26', '', 'Y'),
('105228ADI', 'ROYADI', 'K26', '', 'Y'),
('105229YAH', 'RYAN FIRMANSYAH', 'K26', '', 'Y'),
('105230RIL', 'SAHRIL', 'K26', '', 'Y'),
('105231TRA', 'SANDI VIRMAN SAPUTRA', 'K26', '', 'Y'),
('105232ANI', 'SANDY RAMADHANI', 'K26', '', 'Y'),
('105233USI', 'SANUSI', 'K26', '', 'Y'),
('105234NDI', 'SUHANDI', 'K26', '', 'Y'),
('105235YAT', 'SULTAN HIDAYAT', 'K26', '', 'Y'),
('105236ALI', 'SYAH MURALI', 'K26', '', 'Y'),
('105301NDI', 'AGUNG RUSNANDI', 'K27', '', 'Y'),
('105302LIK', 'AHMAD AL MALIK', 'K27', '', 'Y'),
('105303ANI', 'ALFIAN RAMADANI', 'K27', '', 'Y'),
('105304BAR', 'ANDRE AKBAR', 'K27', '', 'Y'),
('105305HAN', 'ANDREA PANGESTU RAMADHAN', 'K27', '', 'Y'),
('105306AHA', 'ANGGA NUGRAHA', 'K27', '', 'Y'),
('105307YAH', 'APRIYANSYAH', 'K27', '', 'Y'),
('105308YAT', 'DAVID NURHIDAYAT', 'K27', '', 'Y'),
('105309IEF', 'DEDE MUARIEF', 'K27', '', 'Y'),
('105310TRA', 'DJAKA AGUNG SAPUTRA', 'K27', '', 'Y'),
('105311LAH', 'FAHRI FATULLAH', 'K27', '', 'Y'),
('105312RIB', 'FATHUL KORIB', 'K27', '', 'Y'),
('105313ONO', 'FIKI ARI LAKSONO', 'K27', '', 'Y'),
('105314RON', 'IMRON', 'K27', '', 'Y'),
('105315ANA', 'IQBAL MAULANA', 'K27', '', 'Y'),
('105316TNA', 'IRPAN PRIATNA', 'K27', '', 'Y'),
('105317OFA', 'KHAERUL MUSTOFA', 'K27', '', 'Y'),
('105318LAH', 'M. RAIHAN RIDHOTULLAH', 'K27', '', 'Y'),
('105319ALI', 'MOH EGI FAHRALI', 'K27', '', 'Y'),
('105320SIN', 'MUHAMAD ABILAH ABI YASIN', 'K27', '', 'Y'),
('105321LMI', 'MUHAMAD EGI HELMI', 'K27', '', 'Y'),
('105322IYO', 'MUHAMAD RIYO', 'K27', '', 'Y'),
('105323STU', 'RAGIL AJIE PANGESTU', 'K27', '', 'Y'),
('105324YAH', 'RANDY ARDIANSYAH', 'K27', '', 'Y'),
('105325DIN', 'RAPI UDIN', 'K27', '', 'Y'),
('105326HNA', 'RENDY KRISHNA', 'K27', '', 'Y'),
('105327AHA', 'REZA NUGRAHA', 'K27', '', 'Y'),
('105328ANI', 'RIJKI TOPANI', 'K27', '', 'Y'),
('105329RDI', 'RIZKY YULIAN ARDI', 'K27', '', 'Y'),
('105330OMI', 'ROMI', 'K27', '', 'Y'),
('105331SAI', 'SAI', 'K27', '', 'Y'),
('105332MAN', 'SUHERMAN', 'K27', '', 'Y'),
('105333AYA', 'YUDHA DARMA ATMAWIJAYA', 'K27', '', 'Y'),
('105334AMA', 'YUDHA PRATAMA', 'K27', '', 'Y'),
('105335NTO', 'ZEVA KEANE SHEEHAN HARYANTO', 'K27', '', 'Y'),
('105336WAN', 'ZULFAN FAHRIAN GUNAWAN', 'K27', '', 'Y'),
('105401WAN', 'ADE TOMMY KURNIAWAN', 'K28', '', 'Y'),
('105402YAH', 'ADI FIRMANSYAH', 'K28', '', 'Y'),
('105403RIF', 'AHMAD SAMSUL MUARIF', 'K28', '', 'Y'),
('105404OHO', 'AZIRA DJATI NUGROHO', 'K28', '', 'Y'),
('105405OWO', 'BAMBANG MUKTI PRABOWO', 'K28', '', 'Y'),
('105406TRO', 'DIKY ALDEN SAPUTRO', 'K28', '', 'Y'),
('105407WAN', 'DODY HERMAWAN', 'K28', '', 'Y'),
('105408ADI', 'EKI SAIPUL HADI', 'K28', '', 'Y'),
('105409VIN', 'EVIN', 'K28', '', 'Y'),
('105410TUF', 'FRANSISKUS G. SENTUF', 'K28', '', 'Y'),
('105411ONI', 'HAERONI', 'K28', '', 'Y'),
('105412YAH', 'HERDIANSYAH', 'K28', '', 'Y'),
('105413MIN', 'IIM SOHIMIN', 'K28', '', 'Y'),
('105414UZI', 'ILHAM FAUZI', 'K28', '', 'Y'),
('105415DHO', 'KHUZAIMI AR RIDHO', 'K28', '', 'Y'),
('105416AMA', 'MAS AGUS EKA PRATAMA', 'K28', '', 'Y'),
('105417ONI', 'MOHAMAD FATONI', 'K28', '', 'Y'),
('105418ADI', 'MUHAMAD IMAN NUR HADI', 'K28', '', 'Y'),
('105419ANA', 'MUHAMAD IQBAL MAULANA', 'K28', '', 'Y'),
('105420TRA', 'MUHAMAD KOMAR ADI SAPUTRA', 'K28', '', 'Y'),
('105421DIN', 'MUHAMAD KOMARUDIN', 'K28', '', 'Y'),
('105422HAN', 'MUHAMAD RIZKI RAMADHAN', 'K28', '', 'Y'),
('105423LAH', 'MUHAMAD SAEPULLAH', 'K28', '', 'Y'),
('105424IAN', 'MUHAMMAD BAGUS LEO BASTIAN', 'K28', '', 'Y'),
('105425WAN', 'MUHAMMAD FARIS KURNIAWAN', 'K28', '', 'Y'),
('105426SIH', 'MUHAMMAD NASIH', 'K28', '', 'Y'),
('105427SHA', 'MUHAMMAD RIFKY FATHURROHMAN ALFASHA', 'K28', '', 'Y'),
('105428ADI', 'MUHAMMAD RIVAL TRIMULYADI', 'K28', '', 'Y'),
('105429LIS', 'NURHOLIS', 'K28', '', 'Y'),
('105430OSA', 'RENDI SANTOSA', 'K28', '', 'Y'),
('105431YAH', 'RENDRA ARDIYANSYAH', 'K28', '', 'Y'),
('105432AMA', 'RENO ANUGRAH PRATAMA', 'K28', '', 'Y'),
('105433IAN', 'RIDHO FEBIAN', 'K28', '', 'Y'),
('105434DIN', 'SAEFUDIN', 'K28', '', 'Y'),
('105435ROK', 'SAHRUL MUBAROK', 'K28', '', 'Y'),
('105436MAN', 'SULAEMAN', 'K28', '', 'Y'),
('105437YAT', 'TUBAGUS AHMAD SYARIF HIDAYAT', 'K28', '', 'Y'),
('106101ANA', 'ACHMAD RIFKI MAULANA', 'K35', '', 'Y'),
('106102DIN', 'AHMAD JAENUDIN', 'K35', '', 'Y'),
('106103ANO', 'ALDO AGUSTIANO', 'K35', '', 'Y'),
('106104WAN', 'ANDIKA DWI KURNIAWAN', 'K35', '', 'Y'),
('106105QIH', 'ARIL FIQIH', 'K35', '', 'Y'),
('106106ADI', 'DANIL HARYADI', 'K35', '', 'Y'),
('106107TRA', 'DERI SAPUTRA', 'K35', '', 'Y'),
('106108YAH', 'DIMAS FIRMANSYAH', 'K35', '', 'Y'),
('106109TYA', 'EVAN FRAMASTYA', 'K35', '', 'Y'),
('106110UDI', 'FAHAD MAHMUDI', 'K35', '', 'Y'),
('106111HID', 'HIDAYAT NURWAHID', 'K35', '', 'Y'),
('106112OSO', 'HIKMAL FEBRIYOSO', 'K35', '', 'Y'),
('106113LAH', 'IDHAM ABDILAH', 'K35', '', 'Y'),
('106114HAM', 'ILHAM', 'K35', '', 'Y'),
('106115AMA', 'IQBAL HENDRA PRATAMA', 'K35', '', 'Y'),
('106116YAH', 'IVAN FIRMANSYAH', 'K35', '', 'Y'),
('106117YAH', 'JARIYAH', 'K35', '', 'Y'),
('106118ILO', 'JESEN SUSILO', 'K35', '', 'Y'),
('106120RIZ', 'MOHAMAD AL FARIZ', 'K35', '', 'Y'),
('106121DIN', 'MOHAMAD AWALUDIN', 'K35', '', 'Y'),
('106122EDI', 'MOHAMAD JUNAEDI', 'K35', '', 'Y'),
('106123YAR', 'MUH AHYAR', 'K35', '', 'Y'),
('106124FAR', 'MUHAMAD MURTADO MUZAFAR', 'K35', '', 'Y'),
('106125ZAL', 'MUHAMAD RAFLY ALFAIZAL', 'K35', '', 'Y'),
('106126MAN', 'MUHAMAD USMAN', 'K35', '', 'Y'),
('106127ENI', 'MUHAMMAD DENI', 'K35', '', 'Y'),
('106128WAN', 'MUHAMMAD RIDWAN', 'K35', '', 'Y'),
('106129ANA', 'NANDHA WARDIANA', 'K35', '', 'Y'),
('106130PAN', 'NURPAN', 'K35', '', 'Y'),
('106131LAH', 'RAKA RIZQI FADHILAH', 'K35', '', 'Y'),
('106132DIN', 'SAEPUDIN', 'K35', '', 'Y'),
('106133LAM', 'SAHRUL ALAM', 'K35', '', 'Y'),
('106134IUL', 'SAIUL', 'K35', '', 'Y'),
('106135MON', 'SENDI ROYEMON', 'K35', '', 'Y'),
('106136NIK', 'YUWEL SAPUTRA DAMANIK', 'K35', '', 'Y'),
('106201SIM', 'ADE ANWAR HOSIM', 'K36', '', 'Y'),
('106202AHA', 'ADITYA NUGRAHA', 'K36', '', 'Y'),
('106203DAR', 'AGUS SUNANDAR', 'K36', '', 'Y'),
('106204WAR', 'ALFIAN ANWAR', 'K36', '', 'Y'),
('106205WAN', 'ANDRE GUSTIAWAN', 'K36', '', 'Y'),
('106206RIQ', 'ANEVAY AHMAD BARIQ', 'K36', '', 'Y'),
('106207YAH', 'DEFRI NOVRIANSYAH', 'K36', '', 'Y'),
('106208LAH', 'DHANIL MUSTOFA JABIDILAH', 'K36', '', 'Y'),
('106209TRA', 'DICKY ANANDA SAPUTRA', 'K36', '', 'Y'),
('106210TRA', 'DIVA ADE SAPUTRA', 'K36', '', 'Y'),
('106211AAT', 'FAHAD SYAFAAT', 'K36', '', 'Y'),
('106212KAH', 'FASNI BAROKAH', 'K36', '', 'Y'),
('106213ZAH', 'FERDI VIR MANZAH', 'K36', '', 'Y'),
('106214ALI', 'HADI HAMBALI', 'K36', '', 'Y'),
('106215ANA', 'IKMAR MAULANA', 'K36', '', 'Y'),
('106216SAN', 'IKSAN', 'K36', '', 'Y'),
('106217DIN', 'JAINAL ABIDIN', 'K36', '', 'Y'),
('106218AMA', 'JALI RAMADHAN PRATAMA', 'K36', '', 'Y'),
('106219SKA', 'MASKA', 'K36', '', 'Y'),
('106220IZI', 'MUHAMAD ALFARIZI', 'K36', '', 'Y'),
('106221LAH', 'MUHAMAD IKBAL HIDAYATULLAH', 'K36', '', 'Y'),
('106222 A.', 'MUHAMAD NOUVAL ANARKI TS. A.', 'K36', '', 'Y'),
('106223FKI', 'MUHAMMAD RIFKI', 'K36', '', 'Y'),
('106224TRA', 'MUHAMMAD SYAPUTRA', 'K36', '', 'Y'),
('106225AKO', 'NURTAKO', 'K36', '', 'Y'),
('106226ANA', 'PUTRA RIZKY MAULANA', 'K36', '', 'Y'),
('106227ANA', 'RANGGA ADITTYA PERMANA', 'K36', '', 'Y'),
('106228IOR', 'REVO DEDY JUNIOR', 'K36', '', 'Y'),
('106229PIL', 'ROHNADI ROPIL', 'K36', '', 'Y'),
('106230YAH', 'ROIHAN ANDRIANSYAH', 'K36', '', 'Y'),
('106231MAN', 'SAKIMAN', 'K36', '', 'Y'),
('106232MAN', 'SULAIMAN', 'K36', '', 'Y'),
('106233TUR', 'SURYA NEGARA CATUR', 'K36', '', 'Y'),
('106234NAM', 'UMRANI FITRATUL ANAM', 'K36', '', 'Y'),
('106235DAR', 'WISNU ADI ISMUNANDAR', 'K36', '', 'Y'),
('106236ANA', 'YUSUF ADI PRAMANA', 'K36', '', 'Y'),
('111', 'fac', 'K01', 'L', 'Y'),
('111101NA ', 'AKBAR ADE MAULANA ', 'K03', '', 'Y'),
('111102AN ', 'AKMAL RAMADHAN ', 'K03', '', 'Y'),
('111103AN ', 'ALTARIQ ALIF DARMAWAN ', 'K03', '', 'Y'),
('111104AH ', 'ANAH NURHASANAH ', 'K03', '', 'Y'),
('111105TI ', 'BELA NOFIYANTI ', 'K03', '', 'Y'),
('111106NA ', 'CANIA ATIKA TABINA ', 'K03', '', 'Y'),
('111107TO ', 'DESTA HARIYANTO ', 'K03', '', 'Y'),
('111108OR ', 'DEWA GUNAWAN JUNIOR ', 'K03', '', 'Y'),
('111109RA ', 'FAJAR RIDHO SAPUTRA ', 'K03', '', 'Y'),
('111110TI ', 'FARAH NURCAHYATI ', 'K03', '', 'Y'),
('111111AT ', 'FARIZ HIDAYAT ', 'K03', '', 'Y'),
('111112AH ', 'HEICAL FIRMANSYAH ', 'K03', '', 'Y'),
('111113NI ', 'HULWATUL A''ENI ', 'K03', '', 'Y'),
('111114WI ', 'IBNU GHATAN NAWAWI ', 'K03', '', 'Y'),
('111115AH ', 'IIS AISAH ', 'K03', '', 'Y'),
('111116TI ', 'ITA HERLITA SILVIYANTI ', 'K03', '', 'Y'),
('111117RI ', 'JESIKA HERMANIA PUTRI ', 'K03', '', 'Y'),
('111118AH ', 'KHUSNUL FATIMAH ', 'K03', '', 'Y'),
('111119AH ', 'KODIAH ', 'K03', '', 'Y'),
('111120AH ', 'MOHAMAD FARHAN HIDAYATULLAH ', 'K03', '', 'Y'),
('111121IB ', 'MUHAMMEDDENIZE AL WASIB ', 'K03', '', 'Y'),
('111122SA ', 'NIA KHOIRUNISA ', 'K03', '', 'Y'),
('111123AH ', 'NILAH ', 'K03', '', 'Y'),
('111124YA ', 'NUR ADITYA ', 'K03', '', 'Y'),
('111125AT ', 'NURUL HIDAYAT ', 'K03', '', 'Y'),
('111126TI ', 'SABINA FEBRIYANTI ', 'K03', '', 'Y'),
('111127MI ', 'SERA AIDA UTAMI ', 'K03', '', 'Y'),
('111128RI ', 'SHINTA LIANA PUTRI ', 'K03', '', 'Y'),
('111129IM ', 'SIDIQ ZAINUROHIM ', 'K03', '', 'Y'),
('111130LA ', 'SINTA NURBELA ', 'K03', '', 'Y'),
('111131YAH', 'SITI AISYAH', 'K03', '', 'Y'),
('111132AH ', 'SITI HAERIAH ', 'K03', '', 'Y'),
('111133KOH', 'SITI MUNTAKOH', 'K03', '', 'Y'),
('111134TI ', 'SRI YANTI ', 'K03', '', 'Y'),
('111135IM ', 'WAHID HASIM ', 'K03', '', 'Y'),
('111136NA ', 'ZULPON DJAMAR RAMDANA ', 'K03', '', 'Y'),
('111201AM ', 'AHMAD KHAERUL ANNAM ', 'K04', '', 'Y'),
('111202AH ', 'AJAH HADIJAH ', 'K04', '', 'Y'),
('111203AL ', 'ALWAN SUBHAN NAUFAL ', 'K04', '', 'Y'),
('111204RY ', 'ANISHA PUTRY ', 'K04', '', 'Y'),
('111205ANG', 'ARDIANSYAH PRANATA GIRSANG', 'K04', '', 'Y'),
('111206ANI', 'AYUNI DASA WARDANI', 'K04', '', 'Y'),
('111207YI ', 'BAYI ', 'K04', '', 'Y'),
('111208PI ', 'DELPI ', 'K04', '', 'Y'),
('111209RI ', 'DEVI SUCITA PUTRI ', 'K04', '', 'Y'),
('111210AH ', 'DYNA WAHDANIAH ', 'K04', '', 'Y'),
('111211AH ', 'FARA ROCHMATUN AZIZAH ', 'K04', '', 'Y'),
('111212TO ', 'FRIM EDY SUSANTO ', 'K04', '', 'Y'),
('111213AH ', 'HAJAH RAFIDATUL HIKMAH ', 'K04', '', 'Y'),
('111214US ', 'IMAM AKMAD ALI FIRDAUS ', 'K04', '', 'Y'),
('111215AN ', 'IMAN SULAIMAN ', 'K04', '', 'Y'),
('111216IR ', 'IQBAL RIAWADIN HUSAIR ', 'K04', '', 'Y'),
('111217TI ', 'KUSNIAWATI ', 'K04', '', 'Y'),
('111218ANA', 'MAHA PUSPA ARDHANA', 'K04', '', 'Y'),
('111219HA ', 'MA''QUL HADHQUN FASHA ', 'K04', '', 'Y'),
('111220IR ', 'MUHAMMAD NASIR ', 'K04', '', 'Y'),
('111221AN ', 'MUHAMMAD NURUZATI FEBRIAN ', 'K04', '', 'Y'),
('111222IAH', 'NAPSIAH', 'K04', '', 'Y'),
('111223NI ', 'NURAENI ', 'K04', '', 'Y'),
('111224AH ', 'OKTA ALAMSYAH ', 'K04', '', 'Y'),
('111225NAH', 'PATONAH', 'K04', '', 'Y'),
('111226AH ', 'PUTRI HANISYAH ', 'K04', '', 'Y'),
('111227US ', 'REFI FIRDAUS ', 'K04', '', 'Y'),
('111228AH ', 'REIHAN SYAH ', 'K04', '', 'Y'),
('111229ARI', 'RIRIN NOVITA SARI', 'K04', '', 'Y'),
('111230KI ', 'RIZKIY HAKIKI ', 'K04', '', 'Y'),
('111231AH ', 'SITI NUR AZIZAH ', 'K04', '', 'Y'),
('111232IAM', 'SITI SOPI MARIAM', 'K04', '', 'Y'),
('111233NI ', 'SITI WULAN SULENI ', 'K04', '', 'Y'),
('111234NAH', 'SUENAH', 'K04', '', 'Y'),
('111235KI ', 'WILLY HAKIKI ', 'K04', '', 'Y'),
('111236AK ', 'ROMERO KRISYO RUMBIAK ', 'K04', '', 'Y'),
('112101STI', 'ARDILA AGESTI', 'K09', '', 'Y'),
('112102YAH', 'ARIS HARDIANSYAH', 'K09', '', 'Y'),
('112103NDA', 'AUGRY AYU MILANDA', 'K09', '', 'Y'),
('112104YAH', 'BADRIYAH', 'K09', '', 'Y'),
('112105BAR', 'DENY AKBAR', 'K09', '', 'Y'),
('112106ARI', 'DIAH PUJI LESTARI', 'K09', '', 'Y'),
('112107ENI', 'ELA NURAENI', 'K09', '', 'Y'),
('112108TRA', 'FAISAL ADI SAPUTRA', 'K09', '', 'Y'),
('112109NTI', 'FANI YULIA SUSYANTI', 'K09', '', 'Y'),
('112110ANA', 'IMRAN SADANA', 'K09', '', 'Y'),
('112111EHA', 'JULEHA', 'K09', '', 'Y'),
('112112NTI', 'JUMANTI', 'K09', '', 'Y'),
('112113IKE', 'LISA YURIKE', 'K09', '', 'Y'),
('112114ROH', 'MAESAROH', 'K09', '', 'Y'),
('112115ONI', 'MOHAMAD SAHRONI', 'K09', '', 'Y'),
('112116WAN', 'MUHAMMAD IQBAL SETIAWAN', 'K09', '', 'Y'),
('112117LAH', 'MUHAMMAD RIZKY HASBILLAH', 'K09', '', 'Y'),
('112118ENI', 'NENI', 'K09', '', 'Y'),
('112119SHA', 'NUR RAHMA FASHA', 'K09', '', 'Y'),
('112120IAH', 'NURMALIAH', 'K09', '', 'Y'),
('112121MAH', 'NURUL HOTIMAH', 'K09', '', 'Y'),
('112122IJI', 'RIAN PAHRIJI', 'K09', '', 'Y'),
('112123IRA', 'RIFKI HARDIAN YUDISTIRA', 'K09', '', 'Y'),
('112124DOH', 'SAFITRI SAUDOH', 'K09', '', 'Y'),
('112125NAH', 'SAFNAH', 'K09', '', 'Y'),
('112126NDI', 'SINDI', 'K09', '', 'Y'),
('112127IAH', 'SOPIAH', 'K09', '', 'Y'),
('112128ZQI', 'SURATUL RIZQI', 'K09', '', 'Y'),
('112129HAT', 'SUTIHAT', 'K09', '', 'Y'),
('112130YAH', 'TARKIYAH', 'K09', '', 'Y'),
('112131SUM', 'UMI KULSUM', 'K09', '', 'Y'),
('112132IAN', 'VIERI GINOLA EIGHTIAN', 'K09', '', 'Y'),
('112133ATI', 'WIWI SUPRIYATI', 'K09', '', 'Y'),
('112134AMA', 'SEPTA PRATAMA', 'K09', '', 'Y'),
('112135LIN', 'PASKALINA SUITI ULIN', 'K09', '', 'Y'),
('112136ASI', 'WILLIAM JHON MANIAGASI', 'K09', '', 'Y'),
('112201ITA', 'ADE MUHITA', 'K10', '', 'Y'),
('112202IAH', 'AINUN JAMIAH', 'K10', '', 'Y'),
('112203RIN', 'ANDI SOBIRIN', 'K10', '', 'Y'),
('112204NIA', 'ANIA', 'K10', '', 'Y'),
('112205ATI', 'ANIS SANAWATI', 'K10', '', 'Y'),
('112206IAH', 'ARIAH', 'K10', '', 'Y'),
('112207YFA', 'EVI NURSYFA', 'K10', '', 'Y'),
('112208LIA', 'FIKA AMALIA', 'K10', '', 'Y'),
('112209DAH', 'IDA NURAIDAH', 'K10', '', 'Y'),
('112210MAH', 'IIN ANIMAH', 'K10', '', 'Y'),
('112211TRA', 'IRMAN SAPUTRA', 'K10', '', 'Y'),
('112212NAB', 'JAENAB', 'K10', '', 'Y'),
('112213URI', 'JUMSAYURI', 'K10', '', 'Y'),
('112214NDA', 'LIA AMANDA', 'K10', '', 'Y'),
('112215ITA', 'LITA MARLITA', 'K10', '', 'Y'),
('112216ROH', 'MAESAROH', 'K10', '', 'Y'),
('112217ANI', 'MUHAMMAD RIDWAN RAMADHANI', 'K10', '', 'Y'),
('112218ROM', 'MUHAMMAD RIZQY ALKAROM', 'K10', '', 'Y'),
('112219ANA', 'MUHAMAD SATRIA WAHYU WIDANA', 'K10', '', 'Y'),
('112220INI', 'NIAH NUR''AINI', 'K10', '', 'Y'),
('112221ANI', 'NOVA FITRIYANI', 'K10', '', 'Y'),
('112222MAN', 'RAIHAN TAUFIQUROHMAN', 'K10', '', 'Y'),
('112223ANI', 'RINI ANDRIANI', 'K10', '', 'Y'),
('112224IBI', 'RIZKA FADLI ROBIBI', 'K10', '', 'Y'),
('112225ANI', 'SEPTIA DWI ANJANI', 'K10', '', 'Y'),
('112226ATI', 'SHAFITRI SOEKMAWATI', 'K10', '', 'Y'),
('112227YAH', 'SITI ALAWIYAH', 'K10', '', 'Y'),
('112228ANI', 'SITI UCU FEBRIANI', 'K10', '', 'Y'),
('112229ANI', 'SIVA MAHARANI', 'K10', '', 'Y'),
('112230UNI', 'SRI AYUNI', 'K10', '', 'Y'),
('112231ANI', 'SULIAH NOVIANI', 'K10', '', 'Y'),
('112232ATI', 'TIARA SUSILAWATI', 'K10', '', 'Y'),
('112233ANA', 'TIKA LIFIANA', 'K10', '', 'Y'),
('112234DIN', 'WAHYUDIN', 'K10', '', 'Y'),
('113101IDA', 'ADE NUR ROHMAH MAULIDA', 'K15', '', 'Y'),
('113102ATI', 'ADZROO A''ADILAH WIJAYATI', 'K15', '', 'Y'),
('113103LIA', 'AFIFAH AYUNI APRILIA', 'K15', '', 'Y'),
('113104NIK', 'AGNESTESIA MARIA DAMANIK', 'K15', '', 'Y'),
('113105ANI', 'ANDINI PUTRI RHAHMADANI', 'K15', '', 'Y'),
('113106RUM', 'ANGGUN CAHYA NINGRUM', 'K15', '', 'Y'),
('113107ZMA', 'ATIKA RAZMA', 'K15', '', 'Y'),
('113108ATI', 'DESI RUSILAWATI', 'K15', '', 'Y'),
('113109ANI', 'DEWI ANGGRIANI', 'K15', '', 'Y'),
('113110LLA', 'DHEA NABILLA', 'K15', '', 'Y'),
('113111KTI', 'DITA ANISA BEKTI', 'K15', '', 'Y'),
('113112NTI', 'DURYANTI', 'K15', '', 'Y'),
('113113ANI', 'DWI AGUS SETIANI', 'K15', '', 'Y'),
('113114OTO', 'FAHMI ARDHI SUNOTO', 'K15', '', 'Y'),
('113115IWI', 'FANY SYIFA PRATIWI', 'K15', '', 'Y'),
('113116ONO', 'HARTONO', 'K15', '', 'Y'),
('113117ELA', 'LAELA', 'K15', '', 'Y'),
('113118INI', 'LULU ARIFAH AINI', 'K15', '', 'Y'),
('113119ANA', 'MARIANA', 'K15', '', 'Y'),
('113120DIN', 'MUHAMAD ROHIMMUDIN', 'K15', '', 'Y'),
('113121ANI', 'NANONG SETIANI', 'K15', '', 'Y'),
('113122MAH', 'NIDA HALIMAH', 'K15', '', 'Y'),
('113123ENI', 'NUR AENI', 'K15', '', 'Y'),
('113124YAH', 'PATOYAH', 'K15', '', 'Y'),
('113125ATI', 'RIHAYATI', 'K15', '', 'Y'),
('113126TRI', 'RINDI ANTIKA PUTRI', 'K15', '', 'Y'),
('113127ITA', 'RISKA PRAMUDITA', 'K15', '', 'Y'),
('113128NAH', 'SAPA''ATUN HASANAH', 'K15', '', 'Y'),
('113129IWI', 'SHINTA PRATIWI', 'K15', '', 'Y'),
('113130AMI', 'SILVIA MAHARANI UTAMI', 'K15', '', 'Y'),
('113131SIH', 'SRI RAHAYU NINGSIH', 'K15', '', 'Y'),
('113132ENG', 'SRI WILUJENG', 'K15', '', 'Y'),
('113133EMI', 'SUEMI', 'K15', '', 'Y'),
('113134TRI', 'SULASTRI', 'K15', '', 'Y'),
('113135IS ', 'VIDELIA BILKIS ', 'K15', '', 'Y'),
('113201AJI', 'ARYADI SANGAJI', 'K16', '', 'Y'),
('113202ATI', 'AGUSTINA MARDIKA WATI', 'K16', '', 'Y'),
('113203TRY', 'ANANDHA PUTRY', 'K16', '', 'Y'),
('113204OGA', 'AVIEF PRAYOGA', 'K16', '', 'Y'),
('113205ANI', 'DEWI FIRGAYANI', 'K16', '', 'Y'),
('113206ANA', 'DEWI SEPTIYANA', 'K16', '', 'Y'),
('113207ANI', 'DIVA RIZKY ANJANI', 'K16', '', 'Y'),
('113208NAH', 'EEN ENAH SUKENAH', 'K16', '', 'Y'),
('113209ATI', 'HAYATI', 'K16', '', 'Y'),
('113210PAH', 'HOLIPAH', 'K16', '', 'Y'),
('113211OLA', 'IVO PEBIOLA', 'K16', '', 'Y'),
('113212ROH', 'JUMBROH', 'K16', '', 'Y'),
('113213INA', 'LINA', 'K16', '', 'Y'),
('113214DEN', 'MUHAMAD ALDEN', 'K16', '', 'Y'),
('113215SAH', 'NISAH', 'K16', '', 'Y'),
('113216NAH', 'NUR HASANAH', 'K16', '', 'Y'),
('113217NAH', 'NURUL HASANAH', 'K16', '', 'Y'),
('113218ANI', 'RIRIN HANDAYANI', 'K16', '', 'Y'),
('113219NDI', 'ROHENDI', 'K16', '', 'Y'),
('113220ILA', 'SAFFA NURUL SALSABILA', 'K16', '', 'Y'),
('113221ARI', 'SEFIYA DEWI LESTARI', 'K16', '', 'Y'),
('113222IRA', 'SISKA AYU WULANDIRA', 'K16', '', 'Y'),
('113223ZAH', 'SITI HOTIZAH', 'K16', '', 'Y'),
('113224JAH', 'SITI NURHALIJAH', 'K16', '', 'Y'),
('113225RNA', 'SOHERNA', 'K16', '', 'Y'),
('113226SIH', 'SRI NINGSIH', 'K16', '', 'Y'),
('113227ARI', 'SUCI INDAH SARI', 'K16', '', 'Y'),
('113228EMI', 'SUEMI', 'K16', '', 'Y'),
('113229RNI', 'SUHERNI', 'K16', '', 'Y'),
('113230YAH', 'SUNAYAH', 'K16', '', 'Y'),
('113231ENI', 'SUNENI', 'K16', '', 'Y'),
('113232ITA', 'SUNITA', 'K16', '', 'Y'),
('113233DRI', 'TANIA HINDRI', 'K16', '', 'Y'),
('113234PAR', 'VIOLIN KANON BR SIANIPAR', 'K16', '', 'Y'),
('113235ATI', 'WIDYAWATI', 'K16', '', 'Y'),
('114101ANI', 'ADELIA ZAHRANI', 'K21', '', 'Y'),
('114102SA ', 'ADHE TSALTSA NAFISA ', 'K21', '', 'Y'),
('114103UM ', 'AJENG SULISTIA NINGRUM ', 'K21', '', 'Y'),
('114104TI ', 'ALFINA HARDIANTI ', 'K21', '', 'Y'),
('114105YA ', 'ALIFA ANANDA JAYA ', 'K21', '', 'Y'),
('114106NDA', 'ALINDA', 'K21', '', 'Y'),
('114107IH ', 'ANI KURNIA NINGSIH ', 'K21', '', 'Y'),
('114108BA ', 'APIPA PURBA ', 'K21', '', 'Y'),
('114109TI ', 'ARYANTI ', 'K21', '', 'Y'),
('114110TRI', 'AUDY PUTRI', 'K21', '', 'Y'),
('114111RI ', 'AYU TRI WULANDARI ', 'K21', '', 'Y'),
('114112AH ', 'BUNGAH ', 'K21', '', 'Y'),
('114113NI ', 'DEBY DWI APRILLIYANI ', 'K21', '', 'Y'),
('114114RI ', 'DEBY MAHARANI PUTRI ', 'K21', '', 'Y'),
('114115NA ', 'DHEA SYAFRINA ', 'K21', '', 'Y'),
('114116HA ', 'DISTYA KIRANA HAFIZHA ', 'K21', '', 'Y'),
('114117RI ', 'DITA DWI PUSPITASARI ', 'K21', '', 'Y'),
('114118RI ', 'EKA LESTARI ', 'K21', '', 'Y'),
('114119RA ', 'EKA MAULIDYA AZAHRA ', 'K21', '', 'Y'),
('114120AT ', 'ELMA SUNINGRAT ', 'K21', '', 'Y'),
('114121YA ', 'ELMI WIDYA ', 'K21', '', 'Y'),
('114122TI ', 'ENDANG WIGUNA WATI ', 'K21', '', 'Y'),
('114123WI ', 'ERLINDA DEWI ', 'K21', '', 'Y'),
('114124ATI', 'ERNAWATI', 'K21', '', 'Y'),
('114125AH ', 'FATONAH KHOIRUNISAH ', 'K21', '', 'Y'),
('114126TI ', 'FENI RINDIWATI ', 'K21', '', 'Y'),
('114127NTI', 'FITRI DAMAYANTI', 'K21', '', 'Y'),
('114128RI ', 'HENI PUSPITA SARI ', 'K21', '', 'Y'),
('114129 P ', 'IIS RAHMAWATI MAHARANI P ', 'K21', '', 'Y'),
('114130RI ', 'INTAN PURNAMA SARI ', 'K21', '', 'Y'),
('114131OH ', 'JANI IROH ', 'K21', '', 'Y'),
('114132AH ', 'JAWARIYAH ', 'K21', '', 'Y'),
('114133ANA', 'KUSMIA TRILIANA', 'K21', '', 'Y'),
('114134ERI', 'LA FITRIYANI CITRA DAE GERI', 'K21', '', 'Y'),
('114135TI ', ' LISAH ARYANTI ', 'K21', '', 'Y'),
('114136KA ', ' LOLA BELTONA ARILOKA ', 'K21', '', 'Y'),
('114201RI ', 'LUSI EMILIA WULANDARI ', 'K22', '', 'Y'),
('114202NDA', 'MAURA RAMANDA', 'K22', '', 'Y'),
('114203OH ', 'MAYSAROH ', 'K22', '', 'Y'),
('114204IA ', 'MELI AULIA ', 'K22', '', 'Y'),
('114205ATI', 'MELY SETIAWATI', 'K22', '', 'Y'),
('114206LA ', 'MILA KARMILA ', 'K22', '', 'Y'),
('114207DA ', 'MITA ROSINDA ', 'K22', '', 'Y'),
('114208NA ', 'MUTIARA DHEA HERLIANA ', 'K22', '', 'Y'),
('114209AH ', 'NAHDATUL HIDAYAH ', 'K22', '', 'Y'),
('114210TI ', 'NENTRI ARYANTI ', 'K22', '', 'Y'),
('114211KA ', 'NITA KARTIKA ', 'K22', '', 'Y'),
('114212AH ', 'NUR LELAH ', 'K22', '', 'Y'),
('114213NI ', 'NURUL AENI ', 'K22', '', 'Y'),
('114214TI ', 'PRIYANTI ', 'K22', '', 'Y'),
('114215IH ', 'PURWANINGSIH ', 'K22', '', 'Y'),
('114216YA ', 'RATIH ARDHITYA ', 'K22', '', 'Y'),
('114217TI ', 'RATU BINTANG APRIYANTI ', 'K22', '', 'Y'),
('114218UM ', 'REGITA CAHYA NINGRUM ', 'K22', '', 'Y'),
('114219TI ', 'RESA WATI ', 'K22', '', 'Y'),
('114220OY ', 'RESTI ASOKAWATI WONDIWOY ', 'K22', '', 'Y'),
('114221AH ', 'RIRIS FATIMAH ', 'K22', '', 'Y'),
('114222LI ', 'SAHLITA FIRLI ', 'K22', '', 'Y'),
('114223YU ', 'SEBRINA TRI RAHAYU ', 'K22', '', 'Y'),
('114224NI ', 'SILPI YANI ', 'K22', '', 'Y'),
('114225NI ', 'SILVA PEBRIA WIBAWANI ', 'K22', '', 'Y'),
('114226AH ', 'SITI KOMARIYAH ', 'K22', '', 'Y'),
('114227TI ', 'SITI SUGIYAH WATI ', 'K22', '', 'Y'),
('114228IH ', 'SITI SUNENGSIH ', 'K22', '', 'Y'),
('114229AH ', 'SOLEKAH ', 'K22', '', 'Y'),
('114230IH ', 'SRI MULYANINGSIH ', 'K22', '', 'Y'),
('114231UTI', 'SRI WILUJEUNG PANGASTUTI', 'K22', '', 'Y'),
('114232WI ', 'WIWI PRATIWI ', 'K22', '', 'Y'),
('114233AH ', 'YULIYANAH ', 'K22', '', 'Y'),
('114234AH ', 'ZUHROTUL AQLABIYAH ', 'K22', '', 'Y'),
('115101HAQ', 'ACHMAD MUZAQI IZZULHAQ', 'K29', '', 'Y'),
('115102WAN', 'AGUS GUNAWAN', 'K29', '', 'Y'),
('115103SAL', 'AHMAD FAISAL', 'K29', '', 'Y'),
('115104TRA', 'AJIS SAPUTRA', 'K29', '', 'Y'),
('115105ONO', 'ALIFFIYONO', 'K29', '', 'Y'),
('115106ARI', 'ANTIKA SARI', 'K29', '', 'Y'),
('115107LAH', 'ARIP HIDAYATULLAH', 'K29', '', 'Y'),
('115108AYI', 'DEDE ARIEF SOHIBBAYI', 'K29', '', 'Y'),
('115109ATI', 'DEDE NURYATI', 'K29', '', 'Y'),
('115110JIE', 'DIO PRAMUDIA AJIE', 'K29', '', 'Y'),
('115111ENI', 'FARREL YANUAR HUSAENI', 'K29', '', 'Y'),
('115112YAH', 'FIRMAN HARDIYANSYAH', 'K29', '', 'Y'),
('115113YAH', 'FIRMANSYAH', 'K29', '', 'Y'),
('115114RUL', 'HERUL', 'K29', '', 'Y'),
('115115HAN', 'IKHWAN FAUZI RAMADHAN', 'K29', '', 'Y'),
('115116MAT', 'ISMAT', 'K29', '', 'Y'),
('115117OWO', 'ISNAENI VARGAS AUGEST PRABOWO', 'K29', '', 'Y'),
('115118DIN', 'JAMALUDDIN', 'K29', '', 'Y'),
('115119ZAL', 'KHOIRUR RIZAL', 'K29', '', 'Y'),
('115120HAN', 'MAULANA FITRA RAMADHAN', 'K29', '', 'Y'),
('115121IZI', 'MUHAMAD HAZIZI', 'K29', '', 'Y'),
('115122I''I', 'MUHAMAD SAFI''I', 'K29', '', 'Y'),
('115123LAH', 'MUHAMAD UBAIDILAH', 'K29', '', 'Y'),
('115124AUS', 'MUHAMMAD ARIF FIRDAUS', 'K29', '', 'Y'),
('115125HIN', 'MUHAMMAD FAJRI SOLIHIN', 'K29', '', 'Y'),
('115126TRA', 'MULYANA ADIPUTRA', 'K29', '', 'Y'),
('115127LAH', 'NANA AJIS SAEFULLAH', 'K29', '', 'Y'),
('115128LDI', 'RIZKY TRI PALDI', 'K29', '', 'Y'),
('115129ANI', 'ROYANI', 'K29', '', 'Y'),
('115130LAH', 'SAHRUL FALAH', 'K29', '', 'Y'),
('115131MAN', 'SAHRUL NURLUKMAN', 'K29', '', 'Y'),
('115132NDI', 'SAPANDI', 'K29', '', 'Y'),
('115133LIM', 'SODRI ALIM', 'K29', '', 'Y'),
('115134MAN', 'USMAN', 'K29', '', 'Y'),
('115201HAM', 'ADE ILHAM', 'K30', '', 'Y'),
('115202DHI', 'ADHITYA YUSUF AFFANDHI', 'K30', '', 'Y'),
('115203DIN', 'AFIP FARHAN HASANUDIN', 'K30', '', 'Y'),
('115204YAS', 'ALDYIN MAULANA ILYAS', 'K30', '', 'Y'),
('115205ZIS', 'AMRI AZIS', 'K30', '', 'Y'),
('115206RUL', 'BAGUS AHRUL', 'K30', '', 'Y'),
('115207STO', 'DICKY AGUSTO', 'K30', '', 'Y'),
('115208ARI', 'DOLPINA K.M.NORIWARI', 'K30', '', 'Y'),
('115209RNO', 'ERIK SUARNO', 'K30', '', 'Y'),
('115210GGA', 'FADJAR ERLANGGA', 'K30', '', 'Y'),
('115211WAN', 'FERI IRAWAN', 'K30', '', 'Y'),
('115212 P.', 'GILANG OKTAFIANSAH TEGAR P.', 'K30', '', 'Y'),
('115213ILA', 'ILHAM FADILA', 'K30', '', 'Y'),
('115214DIN', 'JAHARUDIN', 'K30', '', 'Y'),
('115215SAN', 'KASAN', 'K30', '', 'Y'),
('115216RIA', 'MASRIA', 'K30', '', 'Y'),
('115217LAK', 'MISLAK', 'K30', '', 'Y'),
('115218AND', 'MUAMMAR FERRY FERDINAND', 'K30', '', 'Y'),
('115219ITO', 'MUHAMAD AFRIAND ALVITO', 'K30', '', 'Y'),
('115220GKO', 'MUHAMAD AJI SASONGKO', 'K30', '', 'Y'),
('115221BAL', 'MUHAMAD NUR IQBAL', 'K30', '', 'Y'),
('115222KRI', 'MUHAMMAD DAHRUL FAKRI', 'K30', '', 'Y'),
('115223RIF', 'MUHAMMAD IRFAN ARIF', 'K30', '', 'Y'),
('115224DIN', 'MUHAMMAD RAFIUDIN', 'K30', '', 'Y'),
('115225ZKI', 'MUHAMMAD RIZKI', 'K30', '', 'Y'),
('115226AYO', 'MUHAMMAD YODHA MANCAYO', 'K30', '', 'Y'),
('115227AUS', 'NAUFAL FIRDAUS', 'K30', '', 'Y'),
('115228TRA', 'RIZKY DWI PUTRA', 'K30', '', 'Y'),
('115229MAN', 'RIZKY FATUROHMAN', 'K30', '', 'Y'),
('115230ANA', 'RIZKY MAULANA', 'K30', '', 'Y'),
('115231AMI', 'SITI AMI', 'K30', '', 'Y'),
('115232INI', 'SOBIATUL DINI', 'K30', '', 'Y'),
('115233RDI', 'SUHARDI', 'K30', '', 'Y'),
('115234HAM', 'SURYA AIDIL ADHAM', 'K30', '', 'Y'),
('115235OWO', 'YUWONO DWI WIBOWO', 'K30', '', 'Y'),
('115236NDY', 'ZUL SEPTIAN DANDY', 'K30', '', 'Y'),
('115301LAH', 'AKHMAD SYARIFULLAH', 'K31', '', 'Y'),
('115302NTO', 'ALBI APRIANTO', 'K31', '', 'Y'),
('115303FIN', 'ALFIN', 'K31', '', 'Y'),
('115304MID', 'ALI HAMID', 'K31', '', 'Y'),
('115305BHI', 'ARI MAHENDRA PUTRA SUBHI', 'K31', '', 'Y'),
('115306AMA', 'ARYA SURYA PRATAMA', 'K31', '', 'Y'),
('115307MAN', 'ARYAMAN', 'K31', '', 'Y'),
('115308MAN', 'AULIA ROHMAN', 'K31', '', 'Y'),
('115309OWO', 'BIMO SETYO WIBOWO', 'K31', '', 'Y'),
('115310ANI', 'DANI', 'K31', '', 'Y'),
('115311DAR', 'DEDI IRAWAN ISNANDAR', 'K31', '', 'Y'),
('115312ADI', 'DEDI SURYADI', 'K31', '', 'Y'),
('115313ANA', 'DIAN MULYANA', 'K31', '', 'Y'),
('115314LAM', 'ELGA DESTIAR ALAM', 'K31', '', 'Y'),
('115315DIN', 'FAQIH ALAYUDDIN', 'K31', '', 'Y'),
('115316NDI', 'FIRLY MAULANA EFANDI', 'K31', '', 'Y'),
('115317WAN', 'GUNAWAN', 'K31', '', 'Y'),
('115318DIN', 'HASANUDIN', 'K31', '', 'Y'),
('115319RIK', 'HENDRIK', 'K31', '', 'Y'),
('115320WAN', 'HERMAWAN', 'K31', '', 'Y'),
('115321RDI', 'IHWAN PARDI', 'K31', '', 'Y'),
('115322NDA', 'IRWANDA', 'K31', '', 'Y'),
('115323RDO', 'JECKY JULIARDO', 'K31', '', 'Y'),
('115324AIL', 'MAIL', 'K31', '', 'Y'),
('115325AUS', 'MUHAMAD RIFKI FIRDAUS', 'K31', '', 'Y'),
('115326DIN', 'MUHAMAD SAFIYUDIN', 'K31', '', 'Y'),
('115327YAT', 'NURIDAYAT', 'K31', '', 'Y'),
('115328TYO', 'PRADHIKA DWI PRASETYO', 'K31', '', 'Y'),
('115329WAN', 'RIFKI SETIAWAN', 'K31', '', 'Y'),
('115330LOH', 'RIZKI HIKMATULLOH', 'K31', '', 'Y'),
('115331ITA', 'ROSITA', 'K31', '', 'Y'),
('115332DAH', 'SITI NURSAIDAH', 'K31', '', 'Y'),
('115333ADI', 'SLAMET RIYADI', 'K31', '', 'Y'),
('115334ONI', 'TONI', 'K31', '', 'Y'),
('115335ATA', 'YOGI PRANATA', 'K31', '', 'Y'),
('116101ANI', 'AAF ROHMANI', 'K37', '', 'Y'),
('116102TRA', 'ADE PUTRA', 'K37', '', 'Y'),
('116103ADI', 'AHMAD SUPRIYADI', 'K37', '', 'Y'),
('116104BAR', 'AKBAR', 'K37', '', 'Y'),
('116105RAN', 'ARDI PRAN', 'K37', '', 'Y'),
('116106RYA', 'ASEP SUNARYA', 'K37', '', 'Y'),
('116107ZIZ', 'AZIZ', 'K37', '', 'Y'),
('116108YAH', 'BAYU ARDIANSYAH', 'K37', '', 'Y'),
('116109GIH', 'CALVIN MALEMNA SARAGIH', 'K37', '', 'Y'),
('116110ANA', 'DANA', 'K37', '', 'Y'),
('116111RDA', 'DARDA', 'K37', '', 'Y'),
('116112WAN', 'DEKA HENDRAWAN', 'K37', '', 'Y'),
('116113TRA', 'DIVA SAPUTRA', 'K37', '', 'Y'),
('116114ANA', 'EKO MAULANA', 'K37', '', 'Y'),
('116115WAN', 'JAYA SETIAWAN', 'K37', '', 'Y'),
('116116WAN', 'KARTIWAN', 'K37', '', 'Y'),
('116117OFA', 'KHAERUL MUSTOFA', 'K37', '', 'Y'),
('116118NTO', 'KRISNA TRI SUGIYANTO', 'K37', '', 'Y'),
('116119ANA', 'MUHAMAD DUMANA', 'K37', '', 'Y'),
('116120KAL', 'MUHAMAD FIKRI HAYKAL', 'K37', '', 'Y'),
('116121ZKI', 'MUHAMAD RIZKI', 'K37', '', 'Y'),
('116122FUL', 'MUHAMAD SAIFUL', 'K37', '', 'Y'),
('116123DRI', 'MUHAMAD SURYA JALADRI', 'K37', '', 'Y'),
('116124SAR', 'MUHAMMAD ALKAUTSAR', 'K37', '', 'Y'),
('116125DQI', 'MUHAMMAD IQRA ASSIDQI', 'K37', '', 'Y'),
('116126NDI', 'RENDI RUSTANDI', 'K37', '', 'Y'),
('116127NDI', 'RIS NANDI', 'K37', '', 'Y'),
('116128ZKI', 'RIZKI', 'K37', '', 'Y'),
('116129YAH', 'RYAN WAHYU ARDIANSYAH', 'K37', '', 'Y'),
('116130RDI', 'SUNARDI', 'K37', '', 'Y'),
('116131UDI', 'WAHYU ARFIAN FAHRUDI', 'K37', '', 'Y'),
('116132USI', 'SYAMSUL LUSI', 'K37', '', 'Y'),
('116201NDI', 'ADE RIFANDI', 'K38', '', 'Y'),
('116202WAN', 'AGUS KURNIAWAN', 'K38', '', 'Y'),
('116203ADI', 'AGUS SELAMET RIADI', 'K38', '', 'Y'),
('116204LAH', 'ANANG SAEFULLAH', 'K38', '', 'Y'),
('116205NTO', 'BANI APRIYANTO', 'K38', '', 'Y'),
('116206DIN', 'DANI NURDIN', 'K38', '', 'Y'),
('116207TRA', 'DJAJA SYAPUTRA', 'K38', '', 'Y'),
('116208ATA', 'DONI PRANATA', 'K38', '', 'Y'),
('116209DAN', 'FAIZ RAMDAN', 'K38', '', 'Y'),
('116210IAN', 'FAJAR DWI SEPTIAN', 'K38', '', 'Y'),
('116211HAN', 'FAZRIL NURHADISEHAN', 'K38', '', 'Y'),
('116212AMA', 'FITRAHN SATRIA TAMA', 'K38', '', 'Y'),
('116213IMI', 'IIF ROHIMI', 'K38', '', 'Y'),
('116214ANI', 'ILHAM RAMDANI', 'K38', '', 'Y'),
('116215OSI', 'IVAN FADLI FARROSI', 'K38', '', 'Y'),
('116216TTY', 'JEHESKIEL MANUPUTTY', 'K38', '', 'Y'),
('116217NAS', 'KHOIRUL ANAS', 'K38', '', 'Y'),
('116218IKI', 'MIFTAH AUFARAFIKI', 'K38', '', 'Y'),
('116219IAN', 'MUHAMAD ENDI ARDIAN', 'K38', '', 'Y'),
('116220MAN', 'MUHAMAD KARSIMAN', 'K38', '', 'Y'),
('116221HYA', 'MUHAMAD YAHYA', 'K38', '', 'Y'),
('116222AYA', 'RAMA WIJAYA', 'K38', '', 'Y'),
('116223UZI', 'RIFQI MUHAMMAD FAUZI', 'K38', '', 'Y'),
('116224NAM', 'SAEFUL ANAM', 'K38', '', 'Y'),
('116225ANI', 'SAHRANI', 'K38', '', 'Y'),
('116226PIN', 'SARPIN', 'K38', '', 'Y'),
('116227DRI', 'SUHENDRI', 'K38', '', 'Y'),
('116228SIN', 'YUNUS MUKLISIN', 'K38', '', 'Y'),
('116229GGA', 'ZIDAN TURANGGA', 'K38', '', 'Y'),
('116230HI ', 'FAHRULL SHOHHI', 'K38', '', 'Y'),
('116231AT ', 'RIZKY AZIZ ARAFAT', 'K38', '', 'Y'),
('121101JID', 'ABDUL MAJID', 'K05', '', 'Y'),
('121102AYA', 'ADINDA SHITA WIJAYA', 'K05', '', 'Y'),
('121103NDA', 'AGYAN SEPTIANANDA', 'K05', '', 'Y'),
('121104YAH', 'AHMAD USTON APRIANSYAH', 'K05', '', 'Y'),
('121105ADI', 'ALDI MULYADI', 'K05', '', 'Y'),
('121106NTI', 'ALFINA EKA DAMAYANTI', 'K05', '', 'Y'),
('121107DIN', 'ALI PRATAMA HASANUDIN', 'K05', '', 'Y'),
('121108ANI', 'ALIA APLRILIANI', 'K05', '', 'Y'),
('121109TRA', 'ANDON PRAMUKADI SAPUTRA', 'K05', '', 'Y'),
('121110SAH', 'ANISAH', 'K05', '', 'Y'),
('121111DIN', 'ARIPUDIN', 'K05', '', 'Y'),
('121112AYA', 'ARYA RIZALDI WIJAYA', 'K05', '', 'Y'),
('121113NTO', 'ARYO DWI HARTANTO', 'K05', '', 'Y'),
('121114MAN', 'BAGJA FADHLU RAHMAN', 'K05', '', 'Y'),
('121115YAH', 'BAKRIYAH', 'K05', '', 'Y'),
('121116TRI', 'CHINTIA PUTRI', 'K05', '', 'Y'),
('121117NDI', 'DITA DWI AMANDA ISWANDI', 'K05', '', 'Y'),
('121118NTI', 'EKA DHEWI YANTI', 'K05', '', 'Y'),
('121119ANA', 'EKA MAULIDA ARDIYANA', 'K05', '', 'Y'),
('121120DAH', 'ENDAH', 'K05', '', 'Y'),
('121121ITA', 'ENI UNITA', 'K05', '', 'Y'),
('121122AUS', 'ENTOL FIKRI FIRDAUS', 'K05', '', 'Y'),
('121123SHA', 'FERRY OKTA ARDIANSHA', 'K05', '', 'Y'),
('121124ARA', 'FIRMAN DANU ASMARA', 'K05', '', 'Y'),
('121125WAN', 'HARIS SETIAWAN', 'K05', '', 'Y'),
('121126ATI', 'HERA HERMAWATI', 'K05', '', 'Y'),
('121127UZI', 'IBNU FARID AL FAUZI', 'K05', '', 'Y'),
('121128AMA', 'IKHWAN RIZKY PRATAMA', 'K05', '', 'Y'),
('121129TRI', 'ITA SAFITRI', 'K05', '', 'Y'),
('121130MAN', 'LUKMAN', 'K05', '', 'Y'),
('121131DOH', 'MAFUDOH', 'K05', '', 'Y'),
('121132ATI', 'MASNIYAWATI', 'K05', '', 'Y'),
('121133ATI', 'MITHA SELAWATI', 'K05', '', 'Y'),
('121134WUT', 'SIKTUS KONOWUT', 'K05', '', 'Y'),
('121135BI ', 'SOTER NIMBI ', 'K05', '', 'Y'),
('121136YAI', 'THEOFILIO XANANA OYAI', 'K05', '', 'Y'),
('121201PIN', 'ALEXIA AMOMPIN', 'K06', '', 'Y'),
('121202IAR', 'FAJAR IKHTIAR', 'K06', '', 'Y'),
('121203HLI', 'IWA MUHAMAD FAHLI', 'K06', '', 'Y'),
('121204ANI', 'LINDA SEPTIANI', 'K06', '', 'Y'),
('121205TRI', 'MITHA TALIA PUTRI', 'K06', '', 'Y'),
('121206AMA', 'MOHAMMAD IRFAN PRATAMA', 'K06', '', 'Y'),
('121207WAN', 'MUHAMAD ALDI KURNIAWAN', 'K06', '', 'Y'),
('121208DIN', 'MUHAMAD KHAERUDIN', 'K06', '', 'Y'),
('121209HFI', 'MUHAMAD LUTHFI', 'K06', '', 'Y'),
('121210WAN', 'MUHAMAD PRAMUDYA GUSTIAWAN', 'K06', '', 'Y'),
('121211MAN', 'MUHAMAD RIDWAN SULAIMAN', 'K06', '', 'Y'),
('121212RIP', 'MUHAMAD URIP', 'K06', '', 'Y'),
('121213LAH', 'MUHAMAD WAHYU KHOIRULLAH', 'K06', '', 'Y'),
('121214RIQ', 'MUHAMMAD FAUZAN THORIQ', 'K06', '', 'Y'),
('121215ANI', 'NENI APRILIANI', 'K06', '', 'Y'),
('121216ENI', 'NURUL AENI', 'K06', '', 'Y'),
('121217ANI', 'PUAN MAHARANI', 'K06', '', 'Y'),
('121218ATI', 'RIA APRILIA WATI', 'K06', '', 'Y'),
('121219TRA', 'RIFKI ADI SAPUTRA', 'K06', '', 'Y'),
('121220UZI', 'RIFQI AZIZ FAUZI', 'K06', '', 'Y'),
('121221INI', 'RINI', 'K06', '', 'Y'),
('121222YAH', 'ROHMAN ALAM SYAH', 'K06', '', 'Y'),
('121223LAH', 'ROHMATULLAH', 'K06', '', 'Y'),
('121224MAH', 'SALAMAH', 'K06', '', 'Y'),
('121225JAH', 'SITI HALIJAH', 'K06', '', 'Y'),
('121226ATI', 'SITI NURHAYATI', 'K06', '', 'Y'),
('121227ARI', 'SITI WULANDARI', 'K06', '', 'Y'),
('121228DAH', 'SITI YUDAH', 'K06', '', 'Y'),
('121229KOH', 'SRI MAFTUKOH', 'K06', '', 'Y'),
('121230ATI', 'SRI RUMYATI', 'K06', '', 'Y'),
('121231ANI', 'SUCIA NATASYA INDRIYANI', 'K06', '', 'Y'),
('121232REV', 'TERRYL IMANOV REV', 'K06', '', 'Y'),
('121233HYO', 'TORIQ ZUHUD NURCAHYO', 'K06', '', 'Y'),
('121234AJI', 'WAHYU DWI SETYAJI', 'K06', '', 'Y'),
('121235NAH', 'YULIANAH', 'K06', '', 'Y'),
('121236UDA', 'YURIDKA AMALIA HUDA', 'K06', '', 'Y'),
('122101ONO', 'AGIL YOGO LEKSONO', 'K11', '', 'Y'),
('122102EDI', 'AHMAD MUHAEDI', 'K11', '', 'Y'),
('122103TRO', 'ALKA WIDIYAN SAPUTRO', 'K11', '', 'Y'),
('122104MAH', 'AMIMAH', 'K11', '', 'Y'),
('122105DAR', 'ANIS SUNANDAR', 'K11', '', 'Y'),
('122106WAN', 'ASEP GUNAWAN', 'K11', '', 'Y'),
('122107TYO', 'BAGUS EKO PRASETYO', 'K11', '', 'Y'),
('122108RAT', 'BAYU DININGRAT', 'K11', '', 'Y'),
('122109LIA', 'FARAH AMELIA', 'K11', '', 'Y'),
('122110LAH', 'FATULLAH', 'K11', '', 'Y'),
('122111TRA', 'FEBRI AGUNG SAPUTRA', 'K11', '', 'Y'),
('122112SRI', 'HASAN BASRI', 'K11', '', 'Y'),
('122113NAH', 'HASANAH', 'K11', '', 'Y'),
('122114TRA', 'ILSAN INDRA SAPUTRA', 'K11', '', 'Y'),
('122115DIN', 'JAENUDIN', 'K11', '', 'Y'),
('122116EHA', 'JULEHA', 'K11', '', 'Y'),
('122117DIN', 'KARIM PUDIN', 'K11', '', 'Y'),
('122118DIQ', 'M. DARIS SHODIQ', 'K11', '', 'Y'),
('122119NTO', 'M. TEGUH RIYANTO', 'K11', '', 'Y'),
('122120UKI', 'MARJUKI', 'K11', '', 'Y'),
('122121ADI', 'MOHAMAD DICKY CAHYADI', 'K11', '', 'Y');
INSERT INTO `t_user` (`id_user`, `fullname`, `id_kelas`, `jk`, `pemilih`) VALUES
('122122DIN', 'MUHAMAD SYARIFUDIN', 'K11', '', 'Y'),
('122123OYA', 'MUHAMMAD ARROYA', 'K11', '', 'Y'),
('122124ORO', 'MUHAMMAD TRI ASMORO', 'K11', '', 'Y'),
('122125ROH', 'MUNAROH', 'K11', '', 'Y'),
('122126LIA', 'NIDA NURMALIA', 'K11', '', 'Y'),
('122127NAH', 'NURHASANAH', 'K11', '', 'Y'),
('122128NTI', 'SANTI', 'K11', '', 'Y'),
('122129LAH', 'SARMILAH', 'K11', '', 'Y'),
('122130YAH', 'SITI AISYAH', 'K11', '', 'Y'),
('122131NAH', 'SITI SINDAYANAH', 'K11', '', 'Y'),
('122132SIH', 'ULFAH OKTAVIANINGSIH', 'K11', '', 'Y'),
('122201''UD', 'MAS''UD', 'K12', '', 'Y'),
('122202LAH', 'MUHAMAD ABDULLAH', 'K12', '', 'Y'),
('122203HRI', 'NAHRI', 'K12', '', 'Y'),
('122204LAH', 'NAJIULLAH', 'K12', '', 'Y'),
('122205ONO', 'NARYONO', 'K12', '', 'Y'),
('122206ONI', 'NEDI NASRONI', 'K12', '', 'Y'),
('122207ONI', 'NICO SAHRONI', 'K12', '', 'Y'),
('122208ATI', 'NUR HAYATI', 'K12', '', 'Y'),
('122209ENI', 'NURAENI', 'K12', '', 'Y'),
('122210IAH', 'NURIAH', 'K12', '', 'Y'),
('122211TRA', 'PADLI SAPUTRA', 'K12', '', 'Y'),
('122212AYU', 'RANI SRI RAHAYU', 'K12', '', 'Y'),
('122213(A)', 'RATNA SARI (A)', 'K12', '', 'Y'),
('122214(B)', 'RATNA SARI (B)', 'K12', '', 'Y'),
('122215TRI', 'RESA AULIA PUTRI', 'K12', '', 'Y'),
('122216NTO', 'RIZKI AFRIYANTO', 'K12', '', 'Y'),
('122217KIM', 'SARIF RAHMAN HAKIM', 'K12', '', 'Y'),
('122218MIN', 'SARMIN', 'K12', '', 'Y'),
('122219NAH', 'SARTINAH', 'K12', '', 'Y'),
('122220ANI', 'SARWANI', 'K12', '', 'Y'),
('122221MAN', 'SUHERMAN', 'K12', '', 'Y'),
('122222RTA', 'SUMARTA', 'K12', '', 'Y'),
('122223NTI', 'VERA SUSANTI', 'K12', '', 'Y'),
('122224YAH', 'VERGI ARDIANSYAH', 'K12', '', 'Y'),
('122225NTI', 'VINA NOVIYANTI', 'K12', '', 'Y'),
('122226YAH', 'VITO ERIX HERMANSYAH', 'K12', '', 'Y'),
('122227UNA', 'WAHYU WIGUNA', 'K12', '', 'Y'),
('122228DIN', 'WAHYUDIN', 'K12', '', 'Y'),
('122229QIN', 'WILDAN RAHMAT MUTTAQIN', 'K12', '', 'Y'),
('122230LIA', 'YULIA', 'K12', '', 'Y'),
('122231DIN', 'ZAINUL ABIDIN', 'K12', '', 'Y'),
('123101NTI', 'ALFINAH DAMAYANTI', 'K17', '', 'Y'),
('123102INA', 'ALINA', 'K17', '', 'Y'),
('123103INA', 'ALVIRA TRI AGUSTINA', 'K17', '', 'Y'),
('123104TRI', 'ANNISA SAFITRI', 'K17', '', 'Y'),
('123105ATI', 'ASWATI', 'K17', '', 'Y'),
('123106INY', 'AULIA WURI ANGGRAINY', 'K17', '', 'Y'),
('123107ARI', 'AYU MAYANG SARI', 'K17', '', 'Y'),
('123108ATI', 'AYU RAHMAWATI', 'K17', '', 'Y'),
('123109 S.', 'AYUNING FITRI S.', 'K17', '', 'Y'),
('123110ISA', 'BADIATUN NISA', 'K17', '', 'Y'),
('123111DRA', 'CHINTYA MELLY EKA CHANDRA', 'K17', '', 'Y'),
('123112DHA', 'DELIA FEBRIADHA', 'K17', '', 'Y'),
('123113TRI', 'DENADA SELVIA PUTRI', 'K17', '', 'Y'),
('123114OKA', 'DIAH PITALOKA', 'K17', '', 'Y'),
('123115ANA', 'DIANA FEBRIANA', 'K17', '', 'Y'),
('123116RAK', 'DIDIMA WARAK', 'K17', '', 'Y'),
('123117SKI', 'DINI LUSKI', 'K17', '', 'Y'),
('123118ISA', 'ELI ELISA', 'K17', '', 'Y'),
('123119DOH', 'IDOH HAFIDOH', 'K17', '', 'Y'),
('123120IKA', 'IIS KARTIKA', 'K17', '', 'Y'),
('123121ARI', 'IKA WIDYANTARI', 'K17', '', 'Y'),
('123122''AI', 'NUR''AI', 'K17', '', 'Y'),
('123123NAH', 'NURKHAMINAH', 'K17', '', 'Y'),
('123124LAH', 'NURLAILAH', 'K17', '', 'Y'),
('123125ENI', 'NURUL AENI', 'K17', '', 'Y'),
('123126NAH', 'NURUL AMANAH', 'K17', '', 'Y'),
('123127INI', 'PUTRI KARTINI', 'K17', '', 'Y'),
('123128ARI', 'RIA NOVITA SARI', 'K17', '', 'Y'),
('123129MAH', 'SALMAH', 'K17', '', 'Y'),
('123201SAH', 'ALLISAH', 'K18', '', 'Y'),
('123202NAH', 'ASANAH', 'K18', '', 'Y'),
('123203LAH', 'AUFI ADILAH', 'K18', '', 'Y'),
('123204IAH', 'BADRIAH', 'K18', '', 'Y'),
('123205IKA', 'CICI AJENG KARTIKA', 'K18', '', 'Y'),
('123206ATI', 'DEWI HAYATI', 'K18', '', 'Y'),
('123207RIA', 'ENI FITRIA', 'K18', '', 'Y'),
('123208ATI', 'IRMA WATI', 'K18', '', 'Y'),
('123209DIN', 'MAESYAH UDIYANI SAIPUDIN', 'K18', '', 'Y'),
('123210OKI', 'MARIA ELISABET I. KONDOKI', 'K18', '', 'Y'),
('123211IKA', 'MARINDA ZINTA ALFIKA', 'K18', '', 'Y'),
('123212ELI', 'MELI', 'K18', '', 'Y'),
('123213RNI', 'MURNI', 'K18', '', 'Y'),
('123214TRI', 'NESA NADIA PUTRI', 'K18', '', 'Y'),
('123215ARI', 'PURNAMASARI', 'K18', '', 'Y'),
('123216FAH', 'PUTRI NUR KHOLIFAH', 'K18', '', 'Y'),
('123217TRI', 'RENI SAFITRI', 'K18', '', 'Y'),
('123218ATI', 'ROHAYATI', 'K18', '', 'Y'),
('123219OKA', 'SAHDIAH PITALOKA', 'K18', '', 'Y'),
('123220IAH', 'SANIAH', 'K18', '', 'Y'),
('123221ELA', 'SELA', 'K18', '', 'Y'),
('123222IDA', 'SITI NURFARIDA', 'K18', '', 'Y'),
('123223IAH', 'SITI RODIAH', 'K18', '', 'Y'),
('123224EHA', 'SOLEHA', 'K18', '', 'Y'),
('123225ATI', 'TESSA FADILAH RAHMAWATI', 'K18', '', 'Y'),
('123226ISA', 'TIA YUNISA', 'K18', '', 'Y'),
('123227ARI', 'ULIYAH CITRA SARI', 'K18', '', 'Y'),
('123228ARI', 'WULAN SRI LESTARI', 'K18', '', 'Y'),
('123229NTI', 'YULYANTI', 'K18', '', 'Y'),
('124101ANI', 'ALFIAH DESTIANI', 'K23', '', 'Y'),
('124102TRI', 'ANDINI PERMATA PUTRI', 'K23', '', 'Y'),
('124103NTI', 'AYU AMALIA OKTANTI', 'K23', '', 'Y'),
('124104ANI', 'AYU KAMELIANI', 'K23', '', 'Y'),
('124105IZA', 'CHOERIDA NUR FAIZA', 'K23', '', 'Y'),
('124106ARI', 'DEVI MAYANGSARI', 'K23', '', 'Y'),
('124107ARI', 'DEWI SUTARI', 'K23', '', 'Y'),
('124108IAH', 'DIAN NASIAH', 'K23', '', 'Y'),
('124109ANI', 'DIANA DWI YULIANI', 'K23', '', 'Y'),
('124110ANA', 'DINA MARIANA', 'K23', '', 'Y'),
('124111ANI', 'DWI INDRIANI', 'K23', '', 'Y'),
('124112AUS', 'EFRIDA CORNELIA FIRDAUS', 'K23', '', 'Y'),
('124113STA', 'EFRISTA', 'K23', '', 'Y'),
('124114TRI', 'EKA DELA PUTRI', 'K23', '', 'Y'),
('124115ANI', 'EKA RIZKY APRIYANI', 'K23', '', 'Y'),
('124116LIA', 'ELIN RIFKI AULIA', 'K23', '', 'Y'),
('124117IYA', 'ELSA SULISTIYA', 'K23', '', 'Y'),
('124118TRI', 'ENI SAPUTRI', 'K23', '', 'Y'),
('124119NAH', 'EPAH MULYANAH', 'K23', '', 'Y'),
('124120INI', 'ERIKA SULISSTIA RINI', 'K23', '', 'Y'),
('124121NTI', 'FEBI FEBRIYANTI', 'K23', '', 'Y'),
('124122FAH', 'HAFIFAH', 'K23', '', 'Y'),
('124123AYU', 'IDAH RAHAYU', 'K23', '', 'Y'),
('124124ATI', 'IIN INAWATI', 'K23', '', 'Y'),
('124125ANI', 'IKA INDRI YANI', 'K23', '', 'Y'),
('124126ANI', 'IKA RANTIKANI', 'K23', '', 'Y'),
('124127ZAH', 'ILA HAJIZAH', 'K23', '', 'Y'),
('124128ANA', 'INTAN HERDIANA', 'K23', '', 'Y'),
('124129LAH', 'KARMILAH', 'K23', '', 'Y'),
('124130ATI', 'KUSNAWATI', 'K23', '', 'Y'),
('124131TRI', 'MAKTUM SAFITRI', 'K23', '', 'Y'),
('124132NAH', 'MARISAH MELIYANAH', 'K23', '', 'Y'),
('124133TRI', 'MUTIARA PUTRI', 'K23', '', 'Y'),
('124201TRI', 'NADIA MELINDA PUTRI', 'K24', '', 'Y'),
('124202ROH', 'NAJIROTUL AKHIROH', 'K24', '', 'Y'),
('124203ISA', 'NANDA KHOIRUNNISA', 'K24', '', 'Y'),
('124204ATI', 'NUR CAHYATI', 'K24', '', 'Y'),
('124205LAH', 'NURUL FADILLAH', 'K24', '', 'Y'),
('124206NAH', 'NURYANAH', 'K24', '', 'Y'),
('124207ARI', 'OKTA TRI LESTARI', 'K24', '', 'Y'),
('124208AMA', 'PIKA MARIAMA', 'K24', '', 'Y'),
('124209IRA', 'PUTRI ANDIRA', 'K24', '', 'Y'),
('124210ANA', 'RANA HESTIYANA', 'K24', '', 'Y'),
('124211ANI', 'RANI', 'K24', '', 'Y'),
('124212ESI', 'RESI', 'K24', '', 'Y'),
('124213YAS', 'RITA SURYANINGTYAS', 'K24', '', 'Y'),
('124214IAH', 'ROYA MUNJIAH', 'K24', '', 'Y'),
('124215IAH', 'RUKIAH', 'K24', '', 'Y'),
('124216ANI', 'SARI FITRI HANDAYANI', 'K24', '', 'Y'),
('124217ENI', 'SERLY NUR ISNAENI', 'K24', '', 'Y'),
('124218ENI', 'SHELLA NURAENI', 'K24', '', 'Y'),
('124219ARI', 'SHELY MERI LESTARI', 'K24', '', 'Y'),
('124220DIA', 'SHERLI ARTHA MEDIA', 'K24', '', 'Y'),
('124221ARI', 'SHINTA PUSPITASARI', 'K24', '', 'Y'),
('124222ITA', 'SILVY FARADITA', 'K24', '', 'Y'),
('124223ELA', 'SINTA BELA', 'K24', '', 'Y'),
('124224SKA', 'SISKA', 'K24', '', 'Y'),
('124225YAH', 'SITI HILMIYAH', 'K24', '', 'Y'),
('124226ATI', 'SRI MULYATI', 'K24', '', 'Y'),
('124227RNI', 'SUMARNI', 'K24', '', 'Y'),
('124228SIH', 'SURTIYANINGSIH', 'K24', '', 'Y'),
('124229NAH', 'USWATUN HASANAH', 'K24', '', 'Y'),
('124230FAH', 'VINA HANIFAH', 'K24', '', 'Y'),
('124231TRI', 'VIRGINIA SAKARINA PUTRI', 'K24', '', 'Y'),
('124232RAH', 'WIRAH', 'K24', '', 'Y'),
('124233ANA', 'YOSI BELA SILVIANA', 'K24', '', 'Y'),
('124234LIS', 'YULIS', 'K24', '', 'Y'),
('125101ADI', 'AHMAD MULYADI', 'K32', '', 'Y'),
('125102OJI', 'AKMAD PAOJI', 'K32', '', 'Y'),
('125103ANA', 'BAGAS FIYANDANA', 'K32', '', 'Y'),
('125104ANA', 'BAGUS KELANA', 'K32', '', 'Y'),
('125105OGA', 'BAGUS PRAYOGA', 'K32', '', 'Y'),
('125106AMA', 'DEKA PUTRA PRATAMA', 'K32', '', 'Y'),
('125107NDA', 'DIMAS FERNANDA', 'K32', '', 'Y'),
('125108UAR', 'EGHI YANUAR', 'K32', '', 'Y'),
('125109PTO', 'EKO SUCIPTO', 'K32', '', 'Y'),
('125110ADI', 'FARHAN NURHADI', 'K32', '', 'Y'),
('125111ANA', 'GILANG PERMANA', 'K32', '', 'Y'),
('125112WAN', 'IRWAN', 'K32', '', 'Y'),
('125113AJI', 'KHOERUL MUNAJI', 'K32', '', 'Y'),
('125114TNA', 'MAMAN SUPRIYATNA', 'K32', '', 'Y'),
('125115WAN', 'MOEHAMAD KURNIAWAN', 'K32', '', 'Y'),
('125116ANA', 'MUHAMAD BAGAS MAULANA', 'K32', '', 'Y'),
('125117ADI', 'MUHAMAD JUHADI', 'K32', '', 'Y'),
('125118YAH', 'MUHAMAD PAUJAN OKTARIANSYAH', 'K32', '', 'Y'),
('125119ZKY', 'MUHAMAD RIZKY', 'K32', '', 'Y'),
('125120DAR', 'MUHAMMAD BAGUS ISKANDAR', 'K32', '', 'Y'),
('125121AMA', 'NANDA BAYU PRATAMA', 'K32', '', 'Y'),
('125122JMI', 'NOVIANTI NAJMI', 'K32', '', 'Y'),
('125123LOH', 'RIZA NASRULOH', 'K32', '', 'Y'),
('125124AMA', 'RIZKY PRATAMA', 'K32', '', 'Y'),
('125125ANI', 'ROMDANI', 'K32', '', 'Y'),
('125126DRA', 'ROMI MAHENDRA', 'K32', '', 'Y'),
('125127LAH', 'SAEPULLAH', 'K32', '', 'Y'),
('125128YAH', 'SARIYAH', 'K32', '', 'Y'),
('125129WAN', 'SONY SETIAWAN', 'K32', '', 'Y'),
('125130YAH', 'SUKMA SOPIYANSYAH', 'K32', '', 'Y'),
('125131NDI', 'SUPRI ANDI', 'K32', '', 'Y'),
('125132ENI', 'YULIANA NOVA ANGGRAENI', 'K32', '', 'Y'),
('125201PAI', 'AHMAD FAUJUL IRPAN RIPAI', 'K33', '', 'Y'),
('125202LAM', 'AHMAD ZAHRUL ISLAM', 'K33', '', 'Y'),
('125203RIF', 'AL MARIF', 'K33', '', 'Y'),
('125204WAN', 'ARIF KRISTIAWAN', 'K33', '', 'Y'),
('125205KIM', 'ARIF NURHAKIM', 'K33', '', 'Y'),
('125206ADI', 'ASEP TRIADI', 'K33', '', 'Y'),
('125207YAT', 'DEDEN NURHIDAYAT', 'K33', '', 'Y'),
('125208IKA', 'DHERI PANDIKA', 'K33', '', 'Y'),
('125209SHA', 'FADILLAH AYUNI PASHA', 'K33', '', 'Y'),
('125210ANA', 'IRPAN MAULANA', 'K33', '', 'Y'),
('125211TRA', 'JENI SAPUTRA', 'K33', '', 'Y'),
('125212ERI', 'JERI', 'K33', '', 'Y'),
('125213NAM', 'KHAERUL ANAM', 'K33', '', 'Y'),
('125214IAN', 'M, EGI RUSDIAN', 'K33', '', 'Y'),
('125215ROH', 'MUGIROH', 'K33', '', 'Y'),
('125216IKI', 'MUHAMAD KIKI', 'K33', '', 'Y'),
('125217HIT', 'MUHAMMAD ABDUL MUKHIT', 'K33', '', 'Y'),
('125218YAH', 'MUHAMMAD RIZKY ARDIANSYAH', 'K33', '', 'Y'),
('125219ANI', 'RAFLI RAMADANI', 'K33', '', 'Y'),
('125220ANI', 'RAHMADANI', 'K33', '', 'Y'),
('125221NDY', 'REVAN KURNIA SANDY', 'K33', '', 'Y'),
('125222OGA', 'RIVAL RIVANSYAH PRAYOGA', 'K33', '', 'Y'),
('125223ANI', 'RIYANI', 'K33', '', 'Y'),
('125224ANI', 'ROMANI', 'K33', '', 'Y'),
('125225NTO', 'RUSDIANTO', 'K33', '', 'Y'),
('125226SAN', 'SAHRUL HASAN', 'K33', '', 'Y'),
('125227SUL', 'SAMSUL', 'K33', '', 'Y'),
('125228NDI', 'SUMANDI', 'K33', '', 'Y'),
('125229WAN', 'WAHYU MUJI KURNIAWAN', 'K33', '', 'Y'),
('125230LIA', 'YUNI AMELIA', 'K33', '', 'Y'),
('125301ANA', 'ACENG YANA', 'K34', '', 'Y'),
('125302RON', 'ADE IRON', 'K34', '', 'Y'),
('125303UDI', 'ADEN LAUKHIM MAKHFUDI', 'K34', '', 'Y'),
('125304 P.', 'AFNI ANDREANZAH AUFANNADIF P.', 'K34', '', 'Y'),
('125305AMA', 'AGUS PRATAMA', 'K34', '', 'Y'),
('125306JRI', 'AGUSTI MUHAMAD FAJRI', 'K34', '', 'Y'),
('125307IMI', 'AHMAD DZUL Q, W, AT TAMIMI', 'K34', '', 'Y'),
('125308ZUL', 'AHMAD FAUZUL', 'K34', '', 'Y'),
('125309EVI', 'AHMAD RIZA FAHLEVI', 'K34', '', 'Y'),
('125310WAN', 'AJAT HERMAWAN', 'K34', '', 'Y'),
('125311YAH', 'ARYA FIRMANSYAH', 'K34', '', 'Y'),
('125312YAH', 'DANDI ALDYANSYAH', 'K34', '', 'Y'),
('125313PIT', 'DAPIT', 'K34', '', 'Y'),
('125314ITO', 'DITO', 'K34', '', 'Y'),
('125315ONO', 'FEBRY ADI WICAKSONO', 'K34', '', 'Y'),
('125316ANA', 'FEBRY MAULANA', 'K34', '', 'Y'),
('125317TUL', 'FIKRI HENDRA YATUL', 'K34', '', 'Y'),
('125318ANI', 'FITRI MULYANI', 'K34', '', 'Y'),
('125319ERI', 'JERI', 'K34', '', 'Y'),
('125320TMA', 'KRISNA WAHYU ADIATMA', 'K34', '', 'Y'),
('125321DIN', 'M,ALI ROSIDIN', 'K34', '', 'Y'),
('125322BIE', 'MAHESA AFGHAN HABIBIE', 'K34', '', 'Y'),
('125323YAH', 'MUHAMAD RIANSYAH', 'K34', '', 'Y'),
('125324ADI', 'MUHAMAD RUDI YADI', 'K34', '', 'Y'),
('125325HAN', 'MUHAMAD SANDI RAMADHAN', 'K34', '', 'Y'),
('125326LDI', 'MUHAMMAD RENALDI', 'K34', '', 'Y'),
('125327ARA', 'NURFALAH ADHI KHUMARA', 'K34', '', 'Y'),
('125328AHA', 'PAJAR FAYAD NUGRAHA', 'K34', '', 'Y'),
('125329ONO', 'PANDU ARI WICAKSONO', 'K34', '', 'Y'),
('125330NDI', 'RIKO APANDI', 'K34', '', 'Y'),
('125331BAR', 'RIZKI AL AKBAR', 'K34', '', 'Y'),
('125332HON', 'RIZKY SAPTA ROMADHON', 'K34', '', 'Y'),
('125333NAM', 'SANAM', 'K34', '', 'Y'),
('126101TIF', 'ABDUL LATIF', 'K39', '', 'Y'),
('126102LIK', 'ADAM MALIK', 'K39', '', 'Y'),
('126103NZE', 'ADE PRIANZE', 'K39', '', 'Y'),
('126104AKO', 'AGUS SALIM WIJARNAKO', 'K39', '', 'Y'),
('126105TRA', 'ALDI SAPUTRA', 'K39', '', 'Y'),
('126106YAH', 'ARIF APRIANSYAH', 'K39', '', 'Y'),
('126107LAH', 'ASEP SAEFULLAH', 'K39', '', 'Y'),
('126108NTO', 'EKO PUTRO SARIYANTO', 'K39', '', 'Y'),
('126109ITA', 'FUZI SITA', 'K39', '', 'Y'),
('126110ANA', 'FIKRI PRADANA', 'K39', '', 'Y'),
('126111YAH', 'GILANG ARDIANSYAH', 'K39', '', 'Y'),
('126112ANI', 'HARI RAMDHANI', 'K39', '', 'Y'),
('126113''AT', 'IKHWAN SAFA''AT', 'K39', '', 'Y'),
('126114HRI', 'JAHRI', 'K39', '', 'Y'),
('126115KMA', 'JOPAN INDRA SUKMA', 'K39', '', 'Y'),
('126116UTA', 'KAMASUTA', 'K39', '', 'Y'),
('126117YID', 'KHORI ALRASYID', 'K39', '', 'Y'),
('126118NDO', 'MIKO FERNANDO', 'K39', '', 'Y'),
('126119TRA', 'MUHAMAD EKA SAPUTRA', 'K39', '', 'Y'),
('126120ORI', 'MUHAMAD FAJAR NURASRORI', 'K39', '', 'Y'),
('126121YAT', 'MUHAMAD RESTU HIDYAT', 'K39', '', 'Y'),
('126122TIN', 'MUHAMAD RYAN AGUSTIN', 'K39', '', 'Y'),
('126123WAN', 'MUHAMAD YUSUF KURNIAWAN', 'K39', '', 'Y'),
('126124LAH', 'MUHAMMAD ASEP SYAEFULLAH', 'K39', '', 'Y'),
('126125ANA', 'MUHAMMAD AZIS MAULANA', 'K39', '', 'Y'),
('126126HID', 'MUZTAHID', 'K39', '', 'Y'),
('126127LAH', 'NASRULLAH', 'K39', '', 'Y'),
('126128TYA', 'NOPAL ADITYA', 'K39', '', 'Y'),
('126129UNG', 'RENDI PASASSUNG', 'K39', '', 'Y'),
('126130YAH', 'RENDY FERDYANSYAH', 'K39', '', 'Y'),
('126131FKI', 'RIFKI', 'K39', '', 'Y'),
('126132YAT', 'YAYAT HIDAYAT', 'K39', '', 'Y'),
('126133TAM', 'YUDI ATAM', 'K39', '', 'Y'),
('126201ADI', 'ACENG RIYADI', 'K40', '', 'Y'),
('126202NA ', 'APRI KAUSAR MAULANA', 'K40', '', 'Y'),
('126203DIN', 'BURHANUDIN', 'K40', '', 'Y'),
('126204OMI', 'BUSTOMI', 'K40', '', 'Y'),
('126205DAR', 'DENI SUHENDAR', 'K40', '', 'Y'),
('126206LIM', 'DIDIN NURSALIM', 'K40', '', 'Y'),
('126207STU', 'FEBRI YOGA PANGESTU', 'K40', '', 'Y'),
('126208ANI', 'HAYANI', 'K40', '', 'Y'),
('126209ERI', 'HERI', 'K40', '', 'Y'),
('126210DIN', 'HERUDIN', 'K40', '', 'Y'),
('126211YAH', 'IQBAL HARDIANSYAH', 'K40', '', 'Y'),
('126212SNA', 'M. SUTISNA', 'K40', '', 'Y'),
('126213MLI', 'MOHAMAD RAMLI', 'K40', '', 'Y'),
('126214USY', 'MUHAMAD SANUSY', 'K40', '', 'Y'),
('126215SUF', 'MUHAMAD SARIPUDIN YUSUF', 'K40', '', 'Y'),
('126216ANG', 'MUHAMMAD GILANG', 'K40', '', 'Y'),
('126217IAN', 'MUHAMMAD RIAN', 'K40', '', 'Y'),
('126218FKI', 'MULYA RIFKI', 'K40', '', 'Y'),
('126219UDA', 'OSAMA IBNU NUHYUDA', 'K40', '', 'Y'),
('126220YAH', 'PEBRIANSYAH', 'K40', '', 'Y'),
('126221MID', 'RAMID', 'K40', '', 'Y'),
('126222DIN', 'RAPIUDIN', 'K40', '', 'Y'),
('126223WAN', 'SAMSUL GUNAWAN', 'K40', '', 'Y'),
('126224NKY', 'SANDRO AGENKY', 'K40', '', 'Y'),
('126225BIS', 'SATRIA LUBIS', 'K40', '', 'Y'),
('126226IZI', 'TABRIZI', 'K40', '', 'Y'),
('126227AMA', 'YUBI RIZKY PRATAMA', 'K40', '', 'Y'),
('126228IRA', 'YUDHA DITA PRAWIRA', 'K40', '', 'Y');

--
-- Indexes for dumped tables
--

--
-- Indexes for table `t_admin`
--
ALTER TABLE `t_admin`
  ADD PRIMARY KEY (`id_admin`);

--
-- Indexes for table `t_kandidat`
--
ALTER TABLE `t_kandidat`
  ADD PRIMARY KEY (`id_kandidat`);

--
-- Indexes for table `t_kelas`
--
ALTER TABLE `t_kelas`
  ADD PRIMARY KEY (`id_kelas`);

--
-- Indexes for table `t_user`
--
ALTER TABLE `t_user`
  ADD PRIMARY KEY (`id_user`);

--
-- AUTO_INCREMENT for dumped tables
--

--
-- AUTO_INCREMENT for table `t_admin`
--
ALTER TABLE `t_admin`
  MODIFY `id_admin` tinyint(1) NOT NULL AUTO_INCREMENT,AUTO_INCREMENT=2;
--
-- AUTO_INCREMENT for table `t_kandidat`
--
ALTER TABLE `t_kandidat`
  MODIFY `id_kandidat` smallint(4) NOT NULL AUTO_INCREMENT,AUTO_INCREMENT=10;
/*!40101 SET CHARACTER_SET_CLIENT=@OLD_CHARACTER_SET_CLIENT */;
/*!40101 SET CHARACTER_SET_RESULTS=@OLD_CHARACTER_SET_RESULTS */;
/*!40101 SET COLLATION_CONNECTION=@OLD_COLLATION_CONNECTION */;
